building_id,uid_a,uid_b,shared_boundary_m,angle_deg,vertical_separation_m,merged_same_plane,same_building_part
DEBW522AA0000c243,S0001,S0002,1.1420157613770754,0.0,0.999999999999801,False,True
DEBW522AA0000c243,S0001,S0003,3.39786451555307,0.0,0.999999999999801,False,True
DEBW522AA0000c243,S0001,S0006,4.443607625546701,0.0,23.800000000000182,False,False
DEBW522AA0000c243,S0001,S0007,32.70173084104125,0.0,19.54000000000019,False,False
DEBW522AA0000c243,S0002,S0003,1.4712239802220608,0.0,0.0,True,True
DEBW522AA0000c243,S0004,S0005,12.504444711867155,0.0,17.819999999999993,False,True
DEBW522AA0000c243,S0004,S0007,39.76929594543244,0.0,6.520000000000039,False,True
DEBW522AA0000c243,S0005,S0007,7.5716081190609,0.0,24.340000000000032,False,True
DEBW522AA0000c243,S0006,S0007,10.999362464344545,0.0,4.259999999999991,False,True
DEBW522AA0002496d,S0008,S0009,24.365549682200776,8.10154327249939,18.765685292992288,False,False
DEBW522AA0002496d,S0009,S0010,33.985204133388706,16.50307962308153,0.001039990535502966,False,True
DEBW522AA00040850,S0011,S0012,25.689579140472965,0.0,0.5000000000000568,False,True
DEBW522AA00040850,S0011,S0013,0.564362172032178,0.0,0.0,True,True
DEBW522AA00040850,S0011,S0017,15.239441089214296,0.0,20.38999999999993,False,False
DEBW522AA00040850,S0012,S0013,0.33615472630332793,0.0,0.5000000000000568,False,True
DEBW522AA00040850,S0013,S0014,0.2915475949339296,0.0,0.7499999999999716,False,False
DEBW522AA00040850,S0014,S0015,36.60171544530638,0.0,0.20000000000010232,False,True
DEBW522AA00040850,S0014,S0017,0.6997142286520126,0.0,21.1399999999999,False,False
DEBW522AA00040850,S0015,S0017,14.169333081712413,0.0,21.340000000000003,False,False
DEBW522AA00040850,S0016,S0017,93.58916703755709,0.0,1.0,False,True
DEBW522AA00040850,S0016,S0018,43.456259618490435,0.0,1.0,False,True
DEBW522AA00040850,S0017,S0018,1.132693390710114,0.0,0.0,True,True
DEBW522AA00034018,S0019,S0021,10.20270390358978,0.0,18.72,False,False
DEBW522AA00034018,S0020,S0021,5.323504485010535,0.0,18.620000000000005,False,False
DEBW522AA0002574d,S0022,S0023,0.13124057273862197,83.1002748688479,5.643960423885886,False,True
DEBW522AA0002574d,S0022,S0025,0.2469817806140698,69.2325031326332,6.506884755980195,False,True
DEBW522AA0002574d,S0022,S0026,0.6688797554886388,19.25064747224864,8.704035122611288,False,True
DEBW522AA0002574d,S0022,S0028,0.6964199657203222,6.447884901764275,8.916102818996364,False,True
DEBW522AA0002574d,S0022,S0029,0.6244477180702224,27.645572436300863,8.341026367142888,False,True
DEBW522AA0002574d,S0022,S0031,0.6688799295149377,13.877060322805367,8.598489179045828,False,True
DEBW522AA0002574d,S0022,S0032,0.39962482405597566,55.32688935607256,7.738520913783589,False,True
DEBW522AA0002574d,S0022,S0034,0.5163614253778175,41.58426395378487,8.001280994466299,False,True
DEBW522AA0002574d,S0022,S0039,0.1307611736175371,83.59049760264516,5.452928859866205,False,True
DEBW522AA0002574d,S0022,S0041,0.5039635617771507,44.931356819111194,8.271277800334445,False,True
DEBW522AA0002574d,S0022,S0043,0.588347405261797,32.233737050368035,8.324189626661678,False,True
DEBW522AA0002574d,S0022,S0045,0.22472205060408926,70.70509866666274,7.169844444392993,False,True
DEBW522AA0002574d,S0022,S0046,0.37735924489330736,57.89749039658855,7.7775989271867445,False,True
DEBW522AA0002574d,S0022,S0048,0.6191168633805608,27.62559277530779,8.41275409566137,False,True
DEBW522AA0002574d,S0022,S0050,0.521627273462896,41.58438065870519,7.891728269460174,False,True
DEBW522AA0002574d,S0022,S0052,0.40450389605221254,55.36251032338563,7.58734120156339,False,True
DEBW522AA0002574d,S0022,S0055,0.6105735010214335,27.751121939894745,8.360057093054422,False,True
DEBW522AA0002574d,S0022,S0056,0.6827202726955917,13.797208617212025,8.640600620489465,False,True
DEBW522AA0002574d,S0022,S0057,0.6913278861247284,0.08235904315729435,8.688070011226984,False,True
DEBW522AA0002574d,S0022,S0058,0.6741819681583447,13.877135576981471,8.583562981425331,False,True
DEBW522AA0002574d,S0022,S0060,0.5162363797337902,41.55562619606035,7.741676980153386,False,True
DEBW522AA0002574d,S0022,S0062,0.6105735010710065,27.718472106572094,8.198767603960647,False,True
DEBW522AA0002574d,S0022,S0063,0.6826419267762447,13.887467101217469,8.52085946473656,False,True
DEBW522AA0002574d,S0022,S0065,0.6964481288087452,0.0,8.688999999999993,False,True
DEBW522AA0002574d,S0022,S0066,0.059999999962747096,83.03000537623859,5.81759242700403,False,True
DEBW522AA0002574d,S0022,S0069,0.13897971777430787,83.11267841969223,6.347367606114858,False,True
DEBW522AA0002574d,S0022,S0070,0.2469817806140698,69.2616990282277,7.1699140783044015,False,True
DEBW522AA0002574d,S0022,S0071,0.39962482405597566,55.36251027260118,7.16679067259264,False,True
DEBW522AA0002574d,S0022,S0073,0.6191926815626875,27.718577219556902,8.251539883401648,False,True
DEBW522AA0002574d,S0022,S0075,0.6741907540896118,13.810765638755033,8.670387734600155,False,True
DEBW522AA0002574d,S0022,S0076,0.6964194139402798,0.0,8.687999999999988,False,True
DEBW522AA0002574d,S0022,S0077,0.6774227219078481,13.87716100033338,8.578174568526975,False,True
DEBW522AA0002574d,S0022,S0079,0.6158741948608906,27.678263721919066,8.402193415631416,False,True
DEBW522AA0002574d,S0022,S0081,0.5162363802208871,41.584528337434925,7.7382913295906235,False,True
DEBW522AA0002574d,S0022,S0082,0.39962482405597566,55.36269261824933,7.1612547096827655,False,True
DEBW522AA0002574d,S0022,S0085,0.24698178066356177,69.26182972595426,6.507516226288885,False,True
DEBW522AA0002574d,S0022,S0086,0.06830951978044085,41.53797475449467,8.148756639660178,False,True
DEBW522AA0002574d,S0022,S0090,0.2469817806140698,69.26175598573074,7.157950839179563,False,True
DEBW522AA0002574d,S0022,S0093,0.13038404775226425,83.07345917325652,5.435257415021084,False,True
DEBW522AA0002574d,S0022,S0095,0.2469817806140698,69.30223926766944,6.51085530797269,False,True
DEBW522AA0002574d,S0022,S0097,0.39962482405597566,55.3270617764608,7.164300893995943,False,True
DEBW522AA0002574d,S0022,S0099,0.5162363802208871,41.52285156377999,8.197162982241451,False,True
DEBW522AA0002574d,S0022,S0101,0.1902775633139811,19.255736333215,8.768269385836419,False,True
DEBW522AA0002574d,S0022,S0103,0.6912063420084023,6.477813052279229,8.873904680738804,False,True
DEBW522AA0002574d,S0022,S0104,0.4939635612776316,45.01327165690743,7.74447720514803,False,True
DEBW522AA0002574d,S0022,S0105,0.5931090863428394,32.15920839648098,8.324624350427001,False,True
DEBW522AA0002574d,S0022,S0107,0.3689304157784854,57.86565163714852,7.593388008435198,False,True
DEBW522AA0002574d,S0022,S0108,138.7166227052973,0.0,5.000000000000057,False,True
DEBW522AA0002574d,S0022,S0112,0.12207876504933118,83.55999347170616,5.721310163281657,False,True
DEBW522AA0002574d,S0022,S0114,0.13038404825226851,83.08585197475936,5.424994078617431,False,True
DEBW522AA0002574d,S0022,S0115,0.3635931794661082,57.82148008245109,7.164568664131366,False,True
DEBW522AA0002574d,S0022,S0116,0.23323807586129394,70.75193682640736,7.167425079936464,False,True
DEBW522AA0002574d,S0022,S0118,0.4939635612776316,45.01322177390998,8.237938072920542,False,True
DEBW522AA0002574d,S0022,S0119,0.6826419263345553,6.477809074599113,8.908466360129836,False,True
DEBW522AA0002574d,S0022,S0120,0.6651335747948491,19.246830519066997,8.830839553207909,False,True
DEBW522AA0002574d,S0022,S0124,3.915673633040248,0.0,11.819999999999993,False,True
DEBW522AA0002574d,S0022,S0127,0.4939635612776316,45.037952933971546,7.7800573034525655,False,True
DEBW522AA0002574d,S0022,S0128,0.5969039764754253,32.17403083852359,8.289549801894935,False,True
DEBW522AA0002574d,S0022,S0131,0.23334034959406885,70.66478323555376,6.803125174796833,False,True
DEBW522AA0002574d,S0022,S0132,0.37735924538690735,57.93381723520707,7.178340324317986,False,True
DEBW522AA0002574d,S0022,S0134,34.38503992920812,0.0,9.82000000000005,False,True
DEBW522AA0002574d,S0022,S0136,0.6603786795381479,19.264794691425024,8.651439546323388,False,True
DEBW522AA0002574d,S0022,S0137,0.7049113419819274,6.453264013719852,8.963163452777877,False,True
DEBW522AA0002574d,S0022,S0144,37.21694329550618,0.0,11.819999999999936,False,True
DEBW522AA0002574d,S0023,S0024,1.5000000001629814,0.08770195640640294,6.33372658285225e-05,True,True
DEBW522AA0002574d,S0023,S0025,1.495660389659692,13.86777173621818,0.013049755256389517,False,True
DEBW522AA0002574d,S0023,S0144,0.13077687256411938,83.1002748688479,5.992010962240272,False,True
DEBW522AA0002574d,S0025,S0032,1.4956603896904372,13.905613776563479,0.002628894300215734,False,True
DEBW522AA0002574d,S0025,S0144,0.2469817806140698,69.2325031326332,5.313115244019741,False,True
DEBW522AA0002574d,S0026,S0027,1.63487002552968,0.015583168064775301,5.149425987838185e-07,True,True
DEBW522AA0002574d,S0026,S0044,1.4956603888996296,12.923346556518336,0.0010194527675082554,False,True
DEBW522AA0002574d,S0026,S0144,0.6688796606259741,19.25064747224864,2.935681845946874,False,True
DEBW522AA0002574d,S0027,S0028,1.4904026305913702,12.816860051151215,0.00020107581764250426,False,True
DEBW522AA0002574d,S0027,S0134,0.6603786790445478,19.26474480487917,0.937294510441518,False,True
DEBW522AA0002574d,S0028,S0134,0.7049113419819274,6.447884901764275,0.856768467956158,False,True
DEBW522AA0002574d,S0028,S0137,1.4956603888688844,12.901148865265041,0.0003416377117559932,False,True
DEBW522AA0002574d,S0028,S0144,0.6964194134454784,6.447884901764275,2.9358820975774336,False,True
DEBW522AA0002574d,S0029,S0030,1.6209873530699583,0.022153267059803257,1.154173475015341e-06,True,True
DEBW522AA0002574d,S0029,S0035,1.4956603888688844,13.892338174890728,0.001218648494500485,False,True
DEBW522AA0002574d,S0029,S0144,0.6243424318409658,27.645572436300863,3.3756893560007484,False,True
DEBW522AA0002574d,S0030,S0031,1.4904026297977728,13.748435167762839,0.001194796965222622,False,True
DEBW522AA0002574d,S0030,S0134,0.3154408685999045,27.62549549056821,1.4043781803904096,False,True
DEBW522AA0002574d,S0031,S0065,1.4956603888996296,13.877060322805367,0.0006859380304149454,False,True
DEBW522AA0002574d,S0031,S0134,0.6774232221967422,13.877060322805367,1.2261822273772225,False,True
DEBW522AA0002574d,S0031,S0144,0.6689695338086463,13.877060322805367,3.2702243869113374,False,True
DEBW522AA0002574d,S0032,S0033,1.5469001264896518,0.10279204903066623,1.0137875364080173e-05,True,True
DEBW522AA0002574d,S0032,S0144,0.39962482405597566,55.32688935607256,4.081479086216348,False,True
DEBW522AA0002574d,S0033,S0034,1.4904026305609075,13.8357875998587,0.0005932583327421526,False,True
DEBW522AA0002574d,S0033,S0134,0.37368164260812337,55.42005155364362,2.119249080839694,False,True
DEBW522AA0002574d,S0034,S0035,1.5770859203266552,0.051145627154507635,3.3383600737124652e-06,True,True
DEBW522AA0002574d,S0034,S0144,0.5162369813160246,41.58426395378487,3.8948808054993833,False,True
DEBW522AA0002574d,S0035,S0134,0.5247856707952235,41.5379106111916,2.0854061851506174,False,True
DEBW522AA0002574d,S0036,S0040,1.4981655448103217,0.05301568984330413,0.00017245101130924922,True,True
DEBW522AA0002574d,S0036,S0144,0.13042054463808572,83.6065285873888,6.116957476649532,False,True
DEBW522AA0002574d,S0037,S0045,1.5100331127784021,0.04465181426373175,3.277545593505238e-05,True,True
DEBW522AA0002574d,S0037,S0046,1.4956603896904372,12.767215738272213,0.006223811205501306,False,True
DEBW522AA0002574d,S0037,S0134,0.23386755017954858,70.66470613486077,3.114788767417906,False,True
DEBW522AA0002574d,S0038,S0039,1.494021419013764,0.020289069796199488,6.318383702819119e-05,True,True
DEBW522AA0002574d,S0038,S0131,1.4904026297977728,12.941772006553641,0.0191247434905506,False,True
DEBW522AA0002574d,S0038,S0134,0.13038404775226425,83.60655524210738,3.287890218571505,False,True
DEBW522AA0002574d,S0039,S0144,0.1312405728939936,83.59049760264516,5.574086488267625,False,True
DEBW522AA0002574d,S0040,S0045,1.4904026305913702,12.859465765233052,0.016798128607433682,False,True
DEBW522AA0002574d,S0041,S0042,1.5717824279555388,0.0541021142881785,6.183863263231615e-06,True,True
DEBW522AA0002574d,S0041,S0047,1.4956603888996296,13.00240165625321,0.000902209947156507,False,True
DEBW522AA0002574d,S0041,S0144,0.5025064443154205,44.931356819111194,3.6343505944464027,False,True
DEBW522AA0002574d,S0042,S0043,1.4904026305913702,12.746565973926744,0.001021630584432387,False,True
DEBW522AA0002574d,S0042,S0134,0.49398563828359865,44.980303024294784,1.5800040896512826,False,True
DEBW522AA0002574d,S0043,S0044,1.604618334760975,0.06604327316593779,1.5618941233697115e-06,True,True
DEBW522AA0002574d,S0043,S0144,0.5883026429873788,32.233737050368035,3.1702956861414577,False,True
DEBW522AA0002574d,S0044,S0134,0.5968280217934674,32.173994028767034,1.4475986878848062,False,True
DEBW522AA0002574d,S0045,S0144,0.22472205060408926,70.70509866666274,4.650155555606943,False,True
DEBW522AA0002574d,S0046,S0047,1.5433081349042994,0.040091710796078484,4.6817144720989745e-06,True,True
DEBW522AA0002574d,S0046,S0144,0.37735924489330736,57.89749039658855,4.042401072813192,False,True
DEBW522AA0002574d,S0047,S0134,0.3774645200646889,57.9337584753644,2.2578771096976595,False,True
DEBW522AA0002574d,S0048,S0049,1.6111176243623513,0.05802935783305867,4.346790774434339e-06,True,True
DEBW522AA0002574d,S0048,S0051,1.495660389659692,13.912346405408321,0.00010938335285004541,False,True
DEBW522AA0002574d,S0048,S0144,0.6191698427545654,27.62559277530779,3.4754778802324324,False,True
DEBW522AA0002574d,S0049,S0058,1.4904026297977728,13.801053971472735,0.0006129985367522295,False,True
DEBW522AA0002574d,S0050,S0051,1.5868522307661523,0.05124919093755674,6.263458260491461e-06,True,True
DEBW522AA0002574d,S0050,S0053,1.4904026305609075,13.800152570954069,0.00030475771924898254,False,True
DEBW522AA0002574d,S0050,S0144,0.5216323040636964,41.58438065870519,3.8323463039825754,False,True
DEBW522AA0002574d,S0051,S0134,0.5301564888347521,41.53793918071612,1.708866461742474,False,True
DEBW522AA0002574d,S0052,S0053,1.5469001264896518,0.024299323263260127,4.2064425542776007e-07,True,True
DEBW522AA0002574d,S0052,S0054,1.5041608958906063,13.870060350367092,0.0005282787554961033,False,True
DEBW522AA0002574d,S0052,S0144,0.3945258287283732,55.36251032338563,4.34929405611922,False,True
DEBW522AA0002574d,S0053,S0134,0.37359317968723954,55.38453322965928,2.61675994655306,False,True
DEBW522AA0002574d,S0054,S0066,1.504160895860035,13.79743470249217,0.004535247968874501,False,True
DEBW522AA0002574d,S0054,S0144,0.2469817806140698,69.23257067374983,5.304842803094999,False,True
DEBW522AA0002574d,S0055,S0056,1.49040262976731,13.953913322686967,0.000702171633861326,False,True
DEBW522AA0002574d,S0055,S0086,1.4956603896904372,13.78685281460291,0.0009780768135385642,False,True
DEBW522AA0002574d,S0055,S0134,0.6291122680909548,27.751121939894745,1.6226125371152307,False,True
DEBW522AA0002574d,S0055,S0144,0.6105735010214335,27.751121939894745,3.299316541021625,False,True
DEBW522AA0002574d,S0056,S0057,1.495660389659692,13.71484957405316,0.0010170982239969817,False,True
DEBW522AA0002574d,S0056,S0144,0.6826419263345553,13.797208617212025,3.1309769132095084,False,True
DEBW522AA0002574d,S0057,S0059,1.4956603896904372,13.942706387860452,0.0010558507235316483,False,True
DEBW522AA0002574d,S0057,S0144,0.6911990651828199,0.08235904315729435,3.1316267653094485,False,True
DEBW522AA0002574d,S0058,S0059,1.6434719345472462,0.018524587554637394,2.1430872720884508e-07,True,True
DEBW522AA0002574d,S0058,S0144,0.6741715784571494,13.877135576981471,3.2008281855740677,False,True
DEBW522AA0002574d,S0060,S0061,1.5792719842061533,0.03167248889493793,5.276490838923564e-06,True,True
DEBW522AA0002574d,S0060,S0062,1.495660389659692,13.837154089491234,0.0005276331827133163,False,True
DEBW522AA0002574d,S0060,S0144,0.5162369813160246,41.55562619606035,3.891327610545801,False,True
DEBW522AA0002574d,S0061,S0071,1.4956603888688844,13.778177385523358,0.0035873159804111765,False,True
DEBW522AA0002574d,S0061,S0134,0.44046486511580046,41.58433288707781,1.6998498207826458,False,True
DEBW522AA0002574d,S0062,S0064,1.4904026297977728,13.841401398259924,0.0012842275917250845,False,True
DEBW522AA0002574d,S0062,S0134,0.619257886628336,27.718472106572094,1.4040898573711331,False,True
DEBW522AA0002574d,S0062,S0144,0.6105735010710065,27.718472106572094,3.6212323960392894,False,True
DEBW522AA0002574d,S0063,S0064,1.6434719345472462,0.011470578181624455,7.096033698417159e-07,True,True
DEBW522AA0002574d,S0063,S0065,1.4956603888688844,13.887467101217469,0.0006375833660001717,False,True
DEBW522AA0002574d,S0063,S0144,0.6826419267762447,13.887467101217469,3.2991405352633763,False,True
DEBW522AA0002574d,S0064,S0134,0.6742035758931963,13.87707070831325,1.2046430429470831,False,True
DEBW522AA0002574d,S0065,S0134,0.6964194138909668,0.0,1.131000000000057,False,True
DEBW522AA0002574d,S0065,S0144,0.6964265814927192,0.0,3.1309999999999434,False,True
DEBW522AA0002574d,S0066,S0067,1.5000000001629814,0.033502484102917424,6.3677851187549095e-06,True,True
DEBW522AA0002574d,S0066,S0144,0.1360232527541106,83.03000537623859,5.707653929629089,False,True
DEBW522AA0002574d,S0067,S0134,0.13906117056700007,83.05686902585454,3.6773277754560922,False,True
DEBW522AA0002574d,S0068,S0069,1.4999999994179234,0.033522438316331046,6.075360971635746e-05,True,True
DEBW522AA0002574d,S0068,S0070,1.4956603888996296,13.824123234654841,0.014039832721692846,False,True
DEBW522AA0002574d,S0068,S0134,0.13124057269746295,83.08582226288259,3.5544030021407025,False,True
DEBW522AA0002574d,S0069,S0144,0.1390118143374393,83.11267841969223,5.586584135177787,False,True
DEBW522AA0002574d,S0070,S0072,1.4956603888688844,13.841589810982326,0.003116371493888437,False,True
DEBW522AA0002574d,S0070,S0134,0.24705574720963708,69.2616990282277,3.1020902235293306,False,True
DEBW522AA0002574d,S0070,S0144,0.2469817806140698,69.2616990282277,4.650085921695535,False,True
DEBW522AA0002574d,S0071,S0072,1.5469001255816741,0.06354976305600671,7.034217873069792e-06,True,True
DEBW522AA0002574d,S0071,S0144,0.39962482405597566,55.36251027260118,4.653209327407296,False,True
DEBW522AA0002574d,S0072,S0134,0.054721359524315935,55.42010921724535,2.595459375635471,False,True
DEBW522AA0002574d,S0073,S0074,1.611117625272073,0.013734909328365217,1.0788010058604414e-06,True,True
DEBW522AA0002574d,S0073,S0100,1.495660389659692,13.757875493617055,0.0003390289914761979,False,True
DEBW522AA0002574d,S0073,S0144,0.6195345704619398,27.718577219556902,3.6152644171891666,False,True
DEBW522AA0002574d,S0074,S0075,1.4818906848133067,13.9202593369841,0.0007053163843409038,False,True
DEBW522AA0002574d,S0074,S0134,0.6158940705385009,27.73102481826389,1.582569610060034,False,True
DEBW522AA0002574d,S0075,S0076,1.4904026297977728,13.810765638755033,0.00010388259386218124,False,True
DEBW522AA0002574d,S0075,S0134,0.6688796606259741,13.810765638755033,1.2974178903907614,False,True
DEBW522AA0002574d,S0075,S0144,0.6741661512657341,13.810765638755033,3.2976139754366045,False,True
DEBW522AA0002574d,S0076,S0077,1.4956603888688844,13.87716100033338,9.416079714696934e-05,False,True
DEBW522AA0002574d,S0076,S0134,0.7049113419819274,0.0,1.1320000000000618,False,True
DEBW522AA0002574d,S0076,S0144,0.6965268315039657,0.0,3.131999999999948,False,True
DEBW522AA0002574d,S0077,S0078,1.6335544059898852,0.011463701715408224,6.169134394440334e-07,True,True
DEBW522AA0002574d,S0077,S0144,0.6775258655118053,13.87716100033338,3.2253206251693314,False,True
DEBW522AA0002574d,S0078,S0079,1.49040262976731,13.790712543950153,0.0004963085376630261,False,True
DEBW522AA0002574d,S0078,S0134,0.6692210685653056,13.887551177968877,1.2338312470115511,False,True
DEBW522AA0002574d,S0079,S0080,1.6209873530699583,0.02218159443049831,1.1768129297706764e-06,True,True
DEBW522AA0002574d,S0079,S0144,0.6158857735064862,27.678263721919066,3.4483887838396754,False,True
DEBW522AA0002574d,S0080,S0081,1.4956603888996296,13.926372415915555,0.0006655159614865624,False,True
DEBW522AA0002574d,S0080,S0134,0.62438502957797,27.658155921527108,1.403611636754107,False,True
DEBW522AA0002574d,S0081,S0082,1.4956603896904372,13.778164280828356,0.0014460605763417789,False,True
DEBW522AA0002574d,S0081,S0134,0.5162363797337902,41.584528337434925,2.0846850029263067,False,True
DEBW522AA0002574d,S0081,S0144,0.5162363802208871,41.584528337434925,4.081708670409313,False,True
DEBW522AA0002574d,S0082,S0083,1.5469001264896518,0.06356190394135801,3.4739118746074382e-06,True,True
DEBW522AA0002574d,S0082,S0144,0.39962482405597566,55.36269261824933,4.658745290317171,False,True
DEBW522AA0002574d,S0083,S0084,1.4904026305609075,13.881885972026451,0.0014409360339868726,False,True
DEBW522AA0002574d,S0083,S0134,0.3915669143067907,55.420295800713646,2.495686528914433,False,True
DEBW522AA0002574d,S0084,S0085,1.5098675436001432,0.04453391979219743,8.285395978191445e-06,True,True
DEBW522AA0002574d,S0084,S0134,0.24703958279582647,69.30218177274011,3.1117544250337517,False,True
DEBW522AA0002574d,S0085,S0113,1.49040262976731,13.7806863991036,0.0073254317357509535,False,True
DEBW522AA0002574d,S0085,S0144,0.24698178066356177,69.26182972595426,5.312483773711051,False,True
DEBW522AA0002574d,S0086,S0087,1.589024858941523,0.051228633991264524,6.3773008207590465e-06,True,True
DEBW522AA0002574d,S0086,S0144,0.5215812964429207,41.53797475449467,3.747284207932182,False,True
DEBW522AA0002574d,S0087,S0088,1.4956603896904372,13.835821147325964,0.0015366155397487091,False,True
DEBW522AA0002574d,S0087,S0134,0.06830951983035351,41.58440336113481,2.0340441044441775,False,True
DEBW522AA0002574d,S0088,S0089,1.5469001264896518,0.06351057200703808,2.329265100797784e-06,True,True
DEBW522AA0002574d,S0088,S0144,0.39962482405597566,55.420224508460805,4.659769739903879,False,True
DEBW522AA0002574d,S0089,S0090,1.504160895860035,13.899094931103793,0.0022817501815950436,False,True
DEBW522AA0002574d,S0090,S0091,1.5041608958906063,13.824052657068583,0.011355262390310372,False,True
DEBW522AA0002574d,S0090,S0144,0.2469817806140698,69.26175598573074,4.662049160820374,False,True
DEBW522AA0002574d,S0091,S0092,1.5000000001629814,0.03351667005231823,7.699495441215731e-05,True,True
DEBW522AA0002574d,S0093,S0094,1.500000000128057,0.0541811896102046,0.0001762101556153084,True,True
DEBW522AA0002574d,S0093,S0096,1.4956603888688844,13.811662793590456,0.0024206598202738405,False,True
DEBW522AA0002574d,S0093,S0144,0.13038404775226425,83.07345917325652,6.384742584978852,False,True
DEBW522AA0002574d,S0094,S0134,0.13892444004064103,83.03002032152342,3.2797815816498144,False,True
DEBW522AA0002574d,S0095,S0096,1.5164432067293423,0.04463062166541898,1.1065109219998703e-06,True,True
DEBW522AA0002574d,S0095,S0097,1.4956603888996296,13.9751774912086,0.0002499913098858997,False,True
DEBW522AA0002574d,S0095,S0144,0.2469817806140698,69.30223926766944,5.309144692027246,False,True
DEBW522AA0002574d,S0096,S0134,0.24853720879569807,69.26179637966604,3.2764273131022037,False,True
DEBW522AA0002574d,S0097,S0098,1.546900125598607,0.10275318816642014,1.5437809906870825e-05,True,True
DEBW522AA0002574d,S0097,S0144,0.39962482405597566,55.3270617764608,4.655699106003993,False,True
DEBW522AA0002574d,S0098,S0099,1.4904026297977728,13.897337279952195,0.001960051531654017,False,True
DEBW522AA0002574d,S0098,S0134,0.39115214430590883,55.42018884373223,2.083445433506654,False,True
DEBW522AA0002574d,S0099,S0100,1.577085920339204,0.05118708255822115,2.597840705220733e-06,True,True
DEBW522AA0002574d,S0099,S0144,0.5162363802208871,41.52285156377999,3.622837017758485,False,True
DEBW522AA0002574d,S0100,S0134,0.525012164776713,41.476452713173984,1.6784633135611955,False,True
DEBW522AA0002574d,S0101,S0102,1.6362457020068975,0.00978902112261636,5.915309202464414e-07,True,True
DEBW522AA0002574d,S0101,S0103,1.49040262976731,12.777923337879214,0.00014976624436258135,False,True
DEBW522AA0002574d,S0101,S0144,0.19867962219845628,19.255736333215,3.054701969668969,False,True
DEBW522AA0002574d,S0102,S0105,1.4956603888688844,12.91235464248163,0.0003948600726175755,False,True
DEBW522AA0002574d,S0102,S0134,0.6603786790445478,19.246853753999336,1.217848477996597,False,True
DEBW522AA0002574d,S0103,S0119,1.4956603888996296,12.955622126878218,0.0010672515616647615,False,True
DEBW522AA0002574d,S0103,S0134,0.6826695498740285,6.477813052279229,0.9298156643310733,False,True
DEBW522AA0002574d,S0103,S0144,0.6911860668011927,6.477813052279229,2.9426009960090767,False,True
DEBW522AA0002574d,S0104,S0105,1.495660389659692,12.854063260426422,0.0013634512399960386,False,True
DEBW522AA0002574d,S0104,S0107,1.4904026305913702,12.852379980241045,0.0009003963500902046,False,True
DEBW522AA0002574d,S0104,S0134,0.4854894436653591,45.01327165690743,1.5851745638735792,False,True
DEBW522AA0002574d,S0104,S0144,0.4939635612776316,45.01327165690743,4.075522794851906,False,True
DEBW522AA0002574d,S0105,S0134,0.5831716086160492,32.15920839648098,1.3931642672585838,False,True
DEBW522AA0002574d,S0105,S0144,0.5831082406070696,32.15920839648098,3.486721116058334,False,True
DEBW522AA0002574d,S0106,S0107,1.4956603896904372,12.886060241080962,0.002907441456784454,False,True
DEBW522AA0002574d,S0106,S0134,0.22474268877474002,70.7517118782212,2.8445225528632534,False,True
DEBW522AA0002574d,S0107,S0134,0.3777353151102446,57.86565163714852,2.090914539479769,False,True
DEBW522AA0002574d,S0107,S0144,0.3689304157784854,57.86565163714852,4.226611991564738,False,True
DEBW522AA0002574d,S0108,S0134,5.9911351178729,0.0,4.819999999999993,False,True
DEBW522AA0002574d,S0110,S0111,1.498432514114539,0.04977975286372507,0.0001161752412599526,True,True
DEBW522AA0002574d,S0111,S0124,0.09433981118630684,83.559613774855,6.41238732317467,False,True
DEBW522AA0002574d,S0112,S0116,1.4956603888688844,12.808056647740106,0.017778518903668328,False,True
DEBW522AA0002574d,S0112,S0134,0.1305272182141637,83.55999347170616,3.5013989669716636,False,True
DEBW522AA0002574d,S0112,S0144,0.12207876504933118,83.55999347170616,6.098689836718279,False,True
DEBW522AA0002574d,S0113,S0114,1.500000000128057,0.054087137704201704,7.595154326622833e-05,True,True
DEBW522AA0002574d,S0113,S0134,0.13897971735780776,83.04251612505792,3.9491483402404413,False,True
DEBW522AA0002574d,S0114,S0144,0.13038404825226851,83.08585197475936,6.395005921382506,False,True
DEBW522AA0002574d,S0115,S0116,1.49040262976731,12.930456744649572,0.0028564158050983224,False,True
DEBW522AA0002574d,S0115,S0118,1.495660389659692,12.808258308543442,0.0013261012165060038,False,True
DEBW522AA0002574d,S0115,S0134,0.3721883589721272,57.82148008245109,2.4202435015348556,False,True
DEBW522AA0002574d,S0115,S0144,0.3635931794661082,57.82148008245109,4.65543133586857,False,True
DEBW522AA0002574d,S0116,S0134,0.22472205060408926,70.75193682640736,3.309457123483412,False,True
DEBW522AA0002574d,S0116,S0144,0.23323807586129394,70.75193682640736,4.652574920063472,False,True
DEBW522AA0002574d,S0117,S0118,1.4904026297977728,12.854020529398563,0.0010914264958898912,False,True
DEBW522AA0002574d,S0117,S0120,1.4956603896904372,12.912370725459413,0.000716806044721352,False,True
DEBW522AA0002574d,S0117,S0134,0.5883026429873788,32.15920124452167,1.2161948602567634,False,True
DEBW522AA0002574d,S0118,S0134,0.48549429284526635,45.01322177390998,1.7532089237927266,False,True
DEBW522AA0002574d,S0118,S0144,0.4939635612776316,45.01322177390998,3.582061927079394,False,True
DEBW522AA0002574d,S0119,S0121,1.4956603896904372,12.777904080790126,0.00011758340778555976,False,True
DEBW522AA0002574d,S0119,S0134,0.6826419268257002,6.477809074599113,0.9110787901228434,False,True
DEBW522AA0002574d,S0119,S0144,0.6826419263345553,6.477809074599113,2.9115336398701004,False,True
DEBW522AA0002574d,S0120,S0121,1.6263455970665635,0.009789023766087182,7.698281478951685e-08,True,True
DEBW522AA0002574d,S0120,S0144,0.6651335747948491,19.246830519066997,2.9891604467920274,False,True
DEBW522AA0002574d,S0121,S0134,0.6551634707592691,19.255713098146565,1.0769530558238785,False,True
DEBW522AA0002574d,S0122,S0123,22.330644862353488,0.002318443834069536,8.459306855002069e-08,True,True
DEBW522AA0002574d,S0122,S0125,12.593087856353927,13.305150415191113,6.180035435279194,False,True
DEBW522AA0002574d,S0122,S0139,25.166175712658973,0.029037955205314735,1.784570372365124e-06,True,True
DEBW522AA0002574d,S0123,S0141,15.10670825007541,26.854883763547928,0.005293878435338684,False,True
DEBW522AA0002574d,S0123,S0145,10.742848783914841,26.609260956118998,0.0004302755722278562,False,True
DEBW522AA0002574d,S0124,S0134,2.425283488251059,0.0,1.9999999999999432,False,True
DEBW522AA0002574d,S0124,S0135,51.92771899490697,0.0,7.250000000000142,False,True
DEBW522AA0002574d,S0124,S0144,3.915673633040248,0.0,5.684341886080802e-14,True,True
DEBW522AA0002574d,S0125,S0126,7.144403403930947,0.0,3.639999999999958,False,True
DEBW522AA0002574d,S0125,S0135,7.935517683855869,0.0,3.810000000000173,False,True
DEBW522AA0002574d,S0125,S0139,25.176175713366778,13.33418837041517,6.180035515599059,False,True
DEBW522AA0002574d,S0126,S0143,0.09433981123566684,0.0,3.9899999999999807,False,True
DEBW522AA0002574d,S0127,S0129,1.4904026297977728,12.841115672096972,0.0008628252719518059,False,True
DEBW522AA0002574d,S0127,S0132,1.4956603888996296,12.895864301237866,0.0006279517804159696,False,True
DEBW522AA0002574d,S0127,S0134,0.5024937809344151,45.037952933971546,2.043836546393891,False,True
DEBW522AA0002574d,S0127,S0144,0.4939635612776316,45.037952933971546,4.039942696547371,False,True
DEBW522AA0002574d,S0128,S0129,1.604618334760975,0.02521435296891504,2.847266159733408e-06,True,True
DEBW522AA0002574d,S0128,S0136,1.4956603896904372,12.909236147098564,0.00044834901257218007,False,True
DEBW522AA0002574d,S0128,S0144,0.5969198626194319,32.17403083852359,3.2337067826785244,False,True
DEBW522AA0002574d,S0129,S0134,0.5883026434781295,32.196837261876055,1.5415550345867928,False,True
DEBW522AA0002574d,S0130,S0131,1.5109268674533372,0.04465136194354933,1.8400078914737605e-05,True,True
DEBW522AA0002574d,S0130,S0133,1.4904026297977728,12.807684871611883,0.00368498028274189,False,True
DEBW522AA0002574d,S0130,S0134,0.23335618054307217,70.70517524784796,2.8365094173214516,False,True
DEBW522AA0002574d,S0131,S0144,0.23323807586129394,70.66478323555376,5.309972659298552,False,True
DEBW522AA0002574d,S0132,S0133,1.5433081349042994,0.04015668053554114,6.788945029256865e-06,True,True
DEBW522AA0002574d,S0132,S0144,0.37735924538690735,57.93381723520707,4.64165967568195,False,True
DEBW522AA0002574d,S0133,S0134,0.07433978372637659,57.89749037623608,2.532132380544766,False,True
DEBW522AA0002574d,S0134,S0136,0.6688879105911856,19.264794691425024,1.1037915733261912,False,True
DEBW522AA0002574d,S0134,S0137,0.6964203680338483,6.453264013719852,0.8998992877843648,False,True
DEBW522AA0002574d,S0134,S0144,2.425283488251059,0.0,1.9999999999998863,False,True
DEBW522AA0002574d,S0135,S0143,49.686881546679885,0.0,3.46000000000015,False,True
DEBW522AA0002574d,S0135,S0144,101.23510584629625,0.0,7.250000000000199,False,True
DEBW522AA0002574d,S0136,S0137,1.4904026297977728,12.811530677705099,0.0011882314154547657,False,True
DEBW522AA0002574d,S0136,S0144,0.6604376713187039,19.264794691425024,3.0852108699331495,False,True
DEBW522AA0002574d,S0137,S0144,0.7049113419819274,6.453264013719852,2.856836547222059,False,True
DEBW522AA0002574d,S0138,S0139,25.419577101288606,0.015465688082006206,9.361952493236458e-07,True,True
DEBW522AA0002574d,S0139,S0141,0.5197114585733904,26.87057203606597,0.0027994745645969488,False,True
DEBW522AA0002574d,S0141,S0147,15.108133571063759,26.847180538484178,0.004943700164517395,False,True
DEBW522AA0002574d,S0141,S0148,0.5109862712118336,26.854229017110043,0.0018443487418267068,False,True
DEBW522AA0002574d,S0142,S0145,1.7253985048845901,26.856059500683404,0.0023287654416321857,False,True
DEBW522AA0002574d,S0142,S0146,0.5110869551357846,26.862877171194462,0.002488540822810137,False,True
DEBW522AA0002574d,S0145,S0146,22.33064486328103,0.007518581306761474,1.6430186633442645e-07,True,True
DEBW522AA0002574d,S0146,S0147,22.79331700272179,0.010318200130112271,6.985324603192566e-07,True,True
DEBW522AA0002574d,S0147,S0148,25.410942524379017,0.015633337661317113,5.392155912886665e-07,True,True
DEBW522AA0000e41a,S0153,S0158,20.068906297864697,0.0,3.5,False,True
DEBW522AA0000e41a,S0154,S0159,3.4368590312874385,0.0,3.1999999999999886,False,True
DEBW522AA0000e41a,S0154,S0161,1.39086304176042,0.0,6.399999999999977,False,True
DEBW522AA0000e41a,S0155,S0160,9.713753136312222,0.0,3.1999999999999886,False,True
DEBW522AA0000e41a,S0155,S0161,1.4131525041136408,0.0,6.399999999999977,False,True
DEBW522AA0000e41a,S0156,S0157,4.155499451294808,0.0,5.684341886080802e-14,True,True
DEBW522AA0000e41a,S0156,S0158,20.06035144292105,0.0,3.2000000000000455,False,True
DEBW522AA0000e41a,S0156,S0159,3.4368590308050933,0.0,3.2000000000000455,False,True
DEBW522AA0000e41a,S0156,S0160,9.72748682859513,0.0,3.2000000000000455,False,True
DEBW522AA0000e41a,S0156,S0162,20.209664160596482,0.0,3.3999999999999773,False,True
DEBW522AA0000e41a,S0157,S0162,4.155499451294808,0.0,3.400000000000034,False,True
DEBW522AA0000e41a,S0159,S0161,0.20248456727464528,0.0,3.1999999999999886,False,True
DEBW522AA0000e41a,S0159,S0162,1.0495713405822114,0.0,6.600000000000023,False,True
DEBW522AA0000e41a,S0160,S0161,0.20248456724302388,0.0,3.1999999999999886,False,True
DEBW522AA0000e41a,S0160,S0162,1.0547665566377438,0.0,6.600000000000023,False,True
DEBW522AA0000e41a,S0161,S0162,6.909739503115783,0.0,3.400000000000034,False,True
DEBW522AA0003f70d,S0163,S0165,14.398267256771412,0.0,15.400000000000006,False,False
DEBW522AA0003f70d,S0164,S0165,14.365020013789092,0.0,15.359999999999985,False,False
DEBW522AA00007bc6,S0166,S0167,14.629088285242545,0.0,6.100000000000023,False,True
DEBW522AA00007bc6,S0166,S0168,54.5580555473102,0.0,3.25,False,True
DEBW522AA00007bc6,S0166,S0169,5.590939098552468,0.0,19.50000000000003,False,False
DEBW522AA00007bc6,S0167,S0168,14.629088283942075,0.0,2.8500000000000227,False,True
DEBW522AA00007bc6,S0168,S0169,32.86474859166787,0.0,22.75000000000003,False,False
DEBW522AA0003e900,S0170,S0171,12.414578931425197,0.0,0.0999999999999659,True,False
DEBW522AA00043ffc,S0173,S0174,168.76523931198108,38.00977422099683,0.002562435027925858,False,True
DEBW522AA00043ffc,S0173,S0214,7.41561865223622,19.004329379011622,34.13965492616177,False,False
DEBW522AA00043ffc,S0173,S0217,7.41561865223622,19.004329379011622,33.83965492616181,False,False
DEBW522AA00043ffc,S0173,S0227,0.3001666209917107,19.004329379011622,3.580234430635585,False,False
DEBW522AA00043ffc,S0173,S0239,2.579341001085102,19.695069268904053,5.931893637010887,False,False
DEBW522AA00043ffc,S0173,S0245,0.3052867502761981,19.004329379011622,6.846390953194458,False,False
DEBW522AA00043ffc,S0173,S0253,24.798755267755077,19.004329379011622,3.5784690400643058,False,False
DEBW522AA00043ffc,S0173,S0258,0.3001666209917107,19.004329379011622,6.949765569364473,False,False
DEBW522AA00043ffc,S0174,S0214,7.154928372112821,19.00544484266515,36.60286430410406,False,False
DEBW522AA00043ffc,S0174,S0217,7.154928372112821,19.00544484266515,36.302864304104105,False,False
DEBW522AA00043ffc,S0175,S0177,0.20248456802493453,48.73338766620185,0.031885193150628766,False,True
DEBW522AA00043ffc,S0175,S0180,0.2758622841319037,65.37135027227622,0.04920645509503174,False,True
DEBW522AA00043ffc,S0175,S0181,0.4517742798554958,16.47137250440165,0.008506978668833654,False,True
DEBW522AA00043ffc,S0176,S0182,0.4517742798799758,16.440879755418894,0.0264757069605821,False,True
DEBW522AA00043ffc,S0176,S0186,2.1135751702202916,65.18880833236621,0.0040731462589747025,False,True
DEBW522AA00043ffc,S0177,S0178,0.2751363301086552,65.37132781325555,0.01221257969416456,False,True
DEBW522AA00043ffc,S0177,S0185,0.4494441017728436,16.441293300296355,0.01913903047164922,False,True
DEBW522AA00043ffc,S0178,S0182,0.2900000001014821,65.36914206980775,0.014338282646463085,False,True
DEBW522AA00043ffc,S0178,S0186,0.3001666202141002,45.346832153048624,0.03504797821148031,False,True
DEBW522AA00043ffc,S0179,S0180,0.2846049893304825,65.37380480507063,0.048338259123624994,False,True
DEBW522AA00043ffc,S0179,S0182,0.1972308291571361,48.733280295767855,0.022293557097555095,False,True
DEBW522AA00043ffc,S0179,S0188,0.4548626165284012,16.47139161802811,0.02857376902869646,False,True
DEBW522AA00043ffc,S0179,S0191,0.10890684852580716,86.44395284747688,8.050012538433634,False,True
DEBW522AA00043ffc,S0180,S0183,0.30528675024569163,45.474485278417994,0.01401102824922873,False,True
DEBW522AA00043ffc,S0181,S0183,2.1222865028057214,65.177900768761,0.006525761753550796,False,True
DEBW522AA00043ffc,S0181,S0189,0.08246211258915204,83.51650680311978,0.01564945886974556,False,True
DEBW522AA00043ffc,S0183,S0188,2.1191743677565285,65.17947118138525,0.012871529800065673,False,True
DEBW522AA00043ffc,S0183,S0189,0.17492855637937443,77.0943073005017,0.003743498012454438,False,True
DEBW522AA00043ffc,S0185,S0186,2.113764414341162,65.19004289840676,0.003719198250507816,False,True
DEBW522AA00043ffc,S0185,S0190,0.09544003754206078,86.9022954977321,0.016839934912354693,False,True
DEBW522AA00043ffc,S0186,S0190,0.19357559765860255,85.33060258807812,0.013778444622573716,False,True
DEBW522AA00043ffc,S0187,S0189,0.05000000004656613,14.997459241272,0.0011715476719018625,False,True
DEBW522AA00043ffc,S0187,S0208,0.4850789406760841,89.97568087922298,3.813698279937796,False,True
DEBW522AA00043ffc,S0187,S0212,0.3944616591465235,15.000792683631296,0.0009805590688642951,False,True
DEBW522AA00043ffc,S0188,S0189,0.08246211258915204,83.51859683909898,0.022099869088094692,False,True
DEBW522AA00043ffc,S0189,S0200,0.4081666323005636,14.99496783743595,0.004908697886662594,False,True
DEBW522AA00043ffc,S0189,S0207,0.4888073971173986,59.97900911724729,2.966065451205111,False,True
DEBW522AA00043ffc,S0190,S0197,0.40816663233051115,14.999222072153021,0.0005616995106265676,False,True
DEBW522AA00043ffc,S0190,S0198,0.3996248239379945,14.996262730025377,0.007060331440357004,False,True
DEBW522AA00043ffc,S0190,S0202,0.44566041796552575,74.97663312055171,4.333976609248623,False,True
DEBW522AA00043ffc,S0191,S0213,10.985287634268438,0.0,0.0,True,True
DEBW522AA00043ffc,S0191,S0214,15.952844698857895,0.0,0.6700000000000728,False,True
DEBW522AA00043ffc,S0191,S0216,7.882093630505594,0.0,0.6700000000000728,False,True
DEBW522AA00043ffc,S0192,S0195,0.5556977592240312,30.012060105008416,5.884964289195068,False,True
DEBW522AA00043ffc,S0192,S0196,1.0496200199846883,45.017163014002904,5.7276503960328,False,True
DEBW522AA00043ffc,S0192,S0201,0.3996248239074068,15.003763311807672,0.0008554282026693727,False,True
DEBW522AA00043ffc,S0192,S0211,0.3996248239074068,15.00587053972347,0.000330939947502884,False,True
DEBW522AA00043ffc,S0193,S0194,0.3944616583142722,15.005875599629068,0.0005229920552665135,False,True
DEBW522AA00043ffc,S0193,S0209,0.5917142154738118,45.01719939803305,5.823537043639817,False,True
DEBW522AA00043ffc,S0193,S0210,0.8609320684048165,30.012108560580263,5.917345203583864,False,True
DEBW522AA00043ffc,S0193,S0212,0.3996248239074068,15.003770589250802,0.0009003362760608979,False,True
DEBW522AA00043ffc,S0194,S0195,0.3996248239379945,15.006217534505113,0.0007250720076399375,False,True
DEBW522AA00043ffc,S0194,S0210,0.8078577519198444,15.006232960976497,6.087816491247338,False,True
DEBW522AA00043ffc,S0194,S0211,0.7271867860000194,2.9612533075669345e-05,6.16039123630128,False,True
DEBW522AA00043ffc,S0195,S0196,0.3996248239074068,15.005102908996903,0.0016010051124908387,False,True
DEBW522AA00043ffc,S0195,S0211,0.9604199622947773,15.006189565288055,6.144252386726237,False,True
DEBW522AA00043ffc,S0196,S0197,0.40816663233051115,15.00246122548461,0.00022056887985399953,False,True
DEBW522AA00043ffc,S0196,S0201,0.3276783246682068,60.02092632580007,5.448526874688582,False,True
DEBW522AA00043ffc,S0197,S0201,1.0719018942982643,75.0233875512815,4.42482263802043,False,True
DEBW522AA00043ffc,S0197,S0202,0.09472135988753175,89.97585519266096,4.4334812980799825,False,True
DEBW522AA00043ffc,S0198,S0202,0.15273360303553946,59.98037039054141,2.8722692353715047,False,True
DEBW522AA00043ffc,S0198,S0203,0.3501727349577616,44.98295715398017,2.514231455553272,False,True
DEBW522AA00043ffc,S0200,S0206,0.08077687279435497,29.987779499194083,1.8415600294228511,False,True
DEBW522AA00043ffc,S0200,S0207,0.1081665380579235,44.98404128007558,2.560798312909583,False,True
DEBW522AA00043ffc,S0201,S0202,0.3996248239379945,15.000757256061323,0.0001456044495853348,False,True
DEBW522AA00043ffc,S0202,S0203,0.3944616583437847,14.997413236563167,0.0021559062030291898,False,True
DEBW522AA00043ffc,S0203,S0204,0.3996248239379945,14.995033169382124,0.0008195276111564453,False,True
DEBW522AA00043ffc,S0206,S0207,0.3944616583437847,14.996261781297164,0.002723571910735245,False,True
DEBW522AA00043ffc,S0207,S0208,0.40816663309916607,14.999212520733023,0.0016595100405538687,False,True
DEBW522AA00043ffc,S0208,S0209,0.3996248239379945,15.002556449942706,0.000968423241772598,False,True
DEBW522AA00043ffc,S0208,S0212,0.34136172696992406,75.02352643714867,5.036668506695605,False,True
DEBW522AA00043ffc,S0209,S0210,0.3944616583437847,15.00509083748804,0.0007340804621662755,False,True
DEBW522AA00043ffc,S0209,S0212,0.9329650287264064,60.020969987275414,5.3278771270241805,False,True
DEBW522AA00043ffc,S0210,S0211,0.3996248239379945,15.006204991779228,0.00028521610261122987,False,True
DEBW522AA00043ffc,S0213,S0216,8.074156302786056,0.0,0.6700000000000728,False,True
DEBW522AA00043ffc,S0214,S0215,14.772927942655228,0.0,0.2999999999999545,False,True
DEBW522AA00043ffc,S0214,S0216,9.478312086193894,0.0,0.0,True,True
DEBW522AA00043ffc,S0214,S0217,14.57054563190542,0.0,0.2999999999999545,False,True
DEBW522AA00043ffc,S0214,S0239,12.637772746950185,5.269099156188606,42.62557752159796,False,False
DEBW522AA00043ffc,S0215,S0216,14.579111770097251,0.0,0.2999999999999545,False,True
DEBW522AA00043ffc,S0215,S0217,0.9872155650783982,0.0,0.0,True,True
DEBW522AA00043ffc,S0215,S0239,12.637772746950185,5.269099156188606,42.32557752159801,False,False
DEBW522AA00043ffc,S0216,S0217,14.767765572381613,0.0,0.2999999999999545,False,True
DEBW522AA00043ffc,S0218,S0219,109.5535129880962,0.0,0.30000000000001137,False,True
DEBW522AA00043ffc,S0218,S0225,5.661174790211402,0.0,3.1499999999999773,False,False
DEBW522AA00043ffc,S0218,S0235,0.6053924349896741,0.0,0.0,True,False
DEBW522AA00043ffc,S0218,S0237,0.5968249327339255,0.0,0.0,True,False
DEBW522AA00043ffc,S0218,S0247,0.596824932262861,0.0,0.0,True,False
DEBW522AA00043ffc,S0218,S0258,5.064355832575107,0.0,3.37000000000009,False,False
DEBW522AA00043ffc,S0219,S0236,99.41107584136375,0.0,0.0,True,False
DEBW522AA00043ffc,S0220,S0221,24.64610516847652,8.68891507776275,3.7001678797585384,False,True
DEBW522AA00043ffc,S0220,S0237,6.540982379611243,8.68891507776275,2.7735684263105327,False,True
DEBW522AA00043ffc,S0220,S0250,5.325044600401276,8.68891507776275,0.00021704992724380645,False,True
DEBW522AA00043ffc,S0220,S0251,19.321061047294414,17.37772502587062,7.051829550164257e-05,False,True
DEBW522AA00043ffc,S0221,S0237,6.746762296069594,0.0,7.070000000000022,False,True
DEBW522AA00043ffc,S0221,S0258,24.646105169244176,0.0,3.699999999999932,False,True
DEBW522AA00043ffc,S0222,S0237,7.298999931266568,0.0,10.070000000000022,False,True
DEBW522AA00043ffc,S0222,S0258,24.879345262035987,0.0,6.699999999999932,False,True
DEBW522AA00043ffc,S0225,S0232,1.6977943188270015,0.0,5.684341886080802e-14,True,True
DEBW522AA00043ffc,S0225,S0234,20.64845300451818,1.588296461848595,0.31992295292087647,False,True
DEBW522AA00043ffc,S0225,S0235,9.053446857409316,0.0,3.1499999999999773,False,True
DEBW522AA00043ffc,S0225,S0252,3.1041262858768577,0.0,10.219999999999999,False,True
DEBW522AA00043ffc,S0227,S0247,0.5968249330586967,0.0,7.159999999999968,False,True
DEBW522AA00043ffc,S0227,S0248,75.35146812153218,0.0,0.30000000000001137,False,True
DEBW522AA00043ffc,S0227,S0253,1.4212670411431592,0.0,0.0,True,True
DEBW522AA00043ffc,S0227,S0255,1.5483513119784167,0.0,19.350000000000023,False,True
DEBW522AA00043ffc,S0227,S0258,50.144560024156576,0.0,10.530000000000058,False,True
DEBW522AA00043ffc,S0228,S0243,9.994958728915304,8.750370892840312,3.300016853133485,False,True
DEBW522AA00043ffc,S0228,S0246,9.994958729712918,8.75033015439194,3.300474275303884,False,True
DEBW522AA00043ffc,S0228,S0258,7.298999931266568,0.0,2.999999999999943,False,True
DEBW522AA00043ffc,S0229,S0230,32.397854082888344,0.0,0.2999999999999545,False,True
DEBW522AA00043ffc,S0229,S0231,67.62717357660168,0.0,0.2999999999999545,False,True
DEBW522AA00043ffc,S0229,S0232,15.939119752850758,0.0,2.4599999999999227,False,True
DEBW522AA00043ffc,S0230,S0232,0.6054500820797922,0.0,2.159999999999968,False,True
DEBW522AA00043ffc,S0230,S0256,31.209373596940136,0.0,6.71999999999997,False,True
DEBW522AA00043ffc,S0231,S0232,0.6054500820779425,0.0,2.159999999999968,False,True
DEBW522AA00043ffc,S0232,S0233,59.54269916738019,2.2264418102846055,0.32003390377934693,False,True
DEBW522AA00043ffc,S0232,S0234,45.11622542417883,1.588296461848595,0.23385144271617264,False,True
DEBW522AA00043ffc,S0232,S0249,5.319887221326496,10.640462674860633,5.987494527851709,False,True
DEBW522AA00043ffc,S0232,S0250,5.325044600401276,0.0,5.519999999999925,False,True
DEBW522AA00043ffc,S0232,S0252,15.925388535787778,0.0,10.219999999999942,False,True
DEBW522AA00043ffc,S0232,S0256,24.15733842989041,0.0,8.879999999999939,False,True
DEBW522AA00043ffc,S0233,S0234,44.111237797390146,3.814738272129581,3.3246938983211294e-05,False,True
DEBW522AA00043ffc,S0235,S0236,9.048281604804735,0.0,0.30000000000001137,False,True
DEBW522AA00043ffc,S0235,S0252,0.5968966963232303,0.0,7.070000000000022,False,True
DEBW522AA00043ffc,S0236,S0237,106.38251036857034,0.0,0.30000000000001137,False,True
DEBW522AA00043ffc,S0236,S0252,4.755370713022678,0.0,6.77000000000001,False,True
DEBW522AA00043ffc,S0237,S0240,6.4912325484054385,8.750393764068148,3.06996436854854,False,True
DEBW522AA00043ffc,S0237,S0241,6.4912325484054385,8.75037886464254,3.0696164770255905,False,True
DEBW522AA00043ffc,S0237,S0242,6.50495964647982,8.750276777442798,2.069186111987108,False,True
DEBW522AA00043ffc,S0237,S0244,6.491232785981895,8.75030939631058,2.5715831777972653,False,True
DEBW522AA00043ffc,S0237,S0246,6.4963990568447905,8.75033015439194,2.1649915895075083,False,True
DEBW522AA00043ffc,S0237,S0251,6.5495419686983345,8.68880994812531,2.369522211830656,False,True
DEBW522AA00043ffc,S0237,S0254,7.298999931747604,0.0,6.370000000000033,False,True
DEBW522AA00043ffc,S0237,S0258,26.8670256138221,0.0,3.37000000000009,False,True
DEBW522AA00043ffc,S0238,S0239,7.388166213677485,5.269099156188606,0.00022967275509699903,False,True
DEBW522AA00043ffc,S0238,S0245,7.4516374037650905,0.0,1.870000000000033,False,True
DEBW522AA00043ffc,S0238,S0253,16.93037506967395,0.0,8.659999999999968,False,True
DEBW522AA00043ffc,S0239,S0245,33.219346772767835,5.269099156188606,1.8699691928335653,False,True
DEBW522AA00043ffc,S0240,S0242,10.048109275167198,17.50067054124087,0.000718723370312091,False,True
DEBW522AA00043ffc,S0240,S0254,9.994958728915304,8.750393764068148,3.299885816230187,False,True
DEBW522AA00043ffc,S0240,S0258,6.554959646526386,8.750393764068148,0.299885816230244,False,True
DEBW522AA00043ffc,S0241,S0243,10.044705072505447,17.50074975746938,0.0008005589494928245,False,True
DEBW522AA00043ffc,S0241,S0254,10.00352437917976,8.75037886464254,3.299689852864219,False,True
DEBW522AA00043ffc,S0241,S0258,6.54639900274238,8.75037886464254,0.3004665104864159,False,True
DEBW522AA00043ffc,S0242,S0258,6.4912325484054385,8.750276777442798,0.3005165776626484,False,True
DEBW522AA00043ffc,S0243,S0258,6.535953907997085,8.750370892840312,0.30046142559757527,False,True
DEBW522AA00043ffc,S0244,S0246,10.053268125629478,17.50063955069917,0.0006040982326567246,False,True
DEBW522AA00043ffc,S0244,S0258,10.044705072505447,8.75030939631058,0.3005663077085501,False,True
DEBW522AA00043ffc,S0245,S0253,33.219346772797884,0.0,10.530000000000001,False,True
DEBW522AA00043ffc,S0247,S0258,17.199635179596612,0.0,3.37000000000009,False,True
DEBW522AA00043ffc,S0248,S0253,75.35146812161207,0.0,0.30000000000001137,False,True
DEBW522AA00043ffc,S0249,S0250,13.668452728692492,10.640462674860633,0.0006490859034897767,False,True
DEBW522AA00043ffc,S0249,S0251,8.43296507753399,13.705266448955278,0.0006863689256988437,False,True
DEBW522AA00043ffc,S0249,S0252,7.1189114336307915,10.640462674860633,3.6999016941578873,False,True
DEBW522AA00043ffc,S0251,S0252,14.001178522036362,8.68880994812531,3.700111941971329,False,True
DEBW522AA00043ffc,S0254,S0258,7.293839866511956,0.0,2.999999999999943,False,True
DEBW522AA00007f7e,S0259,S0260,6.944309584183911,0.0,14.579999999999984,False,False
DEBW522AA000330e9,S0263,S0275,1.5312166181542177,0.0,21.159999999999968,False,False
DEBW522AA000330e9,S0263,S0278,5.743561612915133,0.0,17.079999999999984,False,False
DEBW522AA000330e9,S0271,S0272,28.24279023051801,8.952168890898442,0.0007667012006891127,False,True
DEBW522AA000330e9,S0273,S0275,22.10817656067927,0.0,21.160000000000025,False,True
DEBW522AA000330e9,S0273,S0277,18.78444343810618,0.0,20.420000000000016,False,True
DEBW522AA000330e9,S0274,S0278,28.510572001334708,0.0,17.079999999999956,False,True
DEBW522AA000330e9,S0275,S0277,8.055463984059621,0.0,0.7400000000000091,False,True
DEBW522AA000330e9,S0275,S0278,15.681041007735118,0.0,4.079999999999984,False,True
DEBW522AA000330e9,S0276,S0278,5.729825477107376,0.0,6.71999999999997,False,True
DEBW522AA000330e9,S0276,S0279,13.191785322559449,0.0,2.6399999999999864,False,True
DEBW522AA000330e9,S0277,S0279,11.941695859636523,0.0,0.7400000000000091,False,True
DEBW522AA000330e9,S0278,S0279,5.626944108443098,0.0,4.079999999999984,False,True
DEBW522AA00008bfa,S0281,S0287,11.416921651654953,0.0,0.6000000000000796,False,False
DEBW522AA00008bfa,S0281,S0290,11.416921651654953,0.0,15.06000000000006,False,False
DEBW522AA00008bfa,S0281,S0294,22.325950022725436,0.0,18.99999999999983,False,False
DEBW522AA00008bfa,S0282,S0284,7.424506717687,0.0,13.5,False,False
DEBW522AA00008bfa,S0283,S0284,7.424506717687,0.0,6.939999999999941,False,True
DEBW522AA00008bfa,S0283,S0285,30.89576868391896,0.0,2.7399999999999523,False,True
DEBW522AA00008bfa,S0283,S0291,38.316177391856115,0.0,3.2999999999999545,False,False
DEBW522AA00008bfa,S0284,S0291,1.562465999262035,0.0,3.6399999999999864,False,False
DEBW522AA00008bfa,S0285,S0291,2.253619311071433,0.0,0.5600000000000023,False,False
DEBW522AA00008bfa,S0286,S0291,2.3925091431699883,0.0,23.639999999999986,False,True
DEBW522AA00008bfa,S0286,S0292,11.713667231047497,0.0,31.140000000000043,False,True
DEBW522AA00008bfa,S0286,S0293,34.83888038578263,0.0,5.0,False,True
DEBW522AA00008bfa,S0287,S0289,3.7055229052422898,0.0,5.160000000000082,False,True
DEBW522AA00008bfa,S0287,S0290,105.52586596328621,0.0,15.660000000000139,False,True
DEBW522AA00008bfa,S0287,S0291,91.57300595499629,0.0,4.039999999999907,False,True
DEBW522AA00008bfa,S0287,S0294,39.50329330809464,0.0,19.59999999999991,False,True
DEBW522AA00008bfa,S0288,S0289,5.490801399009924,0.0,5.520000000000039,False,True
DEBW522AA00008bfa,S0288,S0291,16.536682123696366,0.0,3.67999999999995,False,True
DEBW522AA00008bfa,S0289,S0290,17.49324441068096,0.0,10.500000000000057,False,True
DEBW522AA00008bfa,S0289,S0291,12.308553936269085,0.0,9.199999999999989,False,True
DEBW522AA00008bfa,S0289,S0294,17.49324441068096,0.0,14.439999999999827,False,True
DEBW522AA00008bfa,S0290,S0291,33.73229652680617,0.0,19.700000000000045,False,True
DEBW522AA00008bfa,S0290,S0294,322.46704082678724,0.0,3.9399999999997704,False,True
DEBW522AA00008bfa,S0291,S0292,103.11929659834726,0.0,7.500000000000057,False,True
DEBW522AA00008bfa,S0291,S0293,2.3925091431699883,0.0,18.639999999999986,False,True
DEBW522AA00008bfa,S0291,S0294,33.73229901325139,0.0,23.639999999999816,False,True
DEBW522AA00008bfa,S0292,S0293,11.713667231047497,0.0,26.140000000000043,False,True
DEBW522AA00010752,S0295,S0298,12.789296306214517,0.0,8.484999999999985,False,False
DEBW522AA00010752,S0296,S0297,23.092342748599794,0.0,3.0,False,True
DEBW522AA00010752,S0297,S0300,23.977231442039564,0.0,6.0,False,True
DEBW522AA00010752,S0298,S0299,16.74094465032482,0.0,3.0,False,True
DEBW522AA0004292e,S0301,S0302,25.640563566562204,0.0057013825982222995,7.748294081011409e-06,True,True
DEBW522AA0004292e,S0301,S0303,25.844351413819904,89.98060749055298,0.013581855058134806,False,True
DEBW522AA0004292e,S0303,S0304,25.97412943645537,0.013746326720029838,2.2407840560845216e-07,True,True
DEBW522AA0004292e,S0304,S0305,24.69423616925734,0.02257253674971838,3.6830982708124793e-07,True,True
DEBW522AA0004292e,S0304,S0306,2.897740499192452,0.022955102035481272,1.116672422085685e-06,True,True
DEBW522AA0004292e,S0305,S0307,24.565677275286305,9.996802763168892,16.689841323552514,False,False
DEBW522AA0004292e,S0305,S0311,2.08906677699817,9.996802763168892,18.650430393207557,False,False
DEBW522AA0004292e,S0306,S0311,1.8335757416956027,10.012164835493644,18.28024582057057,False,False
DEBW522AA0004292e,S0307,S0308,6.324817805221544,0.0,20.539999999999992,False,True
DEBW522AA0004292e,S0307,S0309,77.51648420462693,0.0,3.999999999999943,False,True
DEBW522AA0004292e,S0307,S0310,24.400138730967036,0.0,2.4600000000000364,False,True
DEBW522AA0004292e,S0307,S0311,15.024137117266608,0.0,1.9600000000000932,False,True
DEBW522AA0004292e,S0308,S0309,84.33162548728274,0.0,16.54000000000005,False,True
DEBW522AA0000cfb4,S0312,S0314,20.283701694506142,0.0,0.7600000000000477,False,True
DEBW522AA0000cfb4,S0312,S0315,16.762398396279846,0.0,22.36000000000024,False,True
DEBW522AA0000cfb4,S0313,S0314,58.86880668054982,0.0,7.080000000000041,False,True
DEBW522AA00014ad3,S0316,S0318,10.214579720022298,0.0,3.199999999999932,False,True
DEBW522AA00014ad3,S0316,S0319,0.09944271895977419,0.0,21.63999999999993,False,True
DEBW522AA00014ad3,S0316,S0320,0.09944271895977419,0.0,13.799999999999983,False,True
DEBW522AA00014ad3,S0317,S0318,4.486357096712968,0.0,2.400000000000034,False,True
DEBW522AA00014ad3,S0317,S0323,0.19697715605979887,0.0,1.4600000000000364,False,True
DEBW522AA00014ad3,S0317,S0324,6.203190605164037,0.0,1.2600000000000477,False,True
DEBW522AA00014ad3,S0317,S0330,1.9549424544445335,0.0,5.599999999999966,False,False
DEBW522AA00014ad3,S0317,S0331,2.536710468418542,0.0,2.400000000000034,False,False
DEBW522AA00014ad3,S0318,S0319,41.16292705432522,0.0,24.83999999999986,False,True
DEBW522AA00014ad3,S0318,S0320,41.16292705432522,0.0,16.999999999999915,False,True
DEBW522AA00014ad3,S0318,S0321,16.837725592974472,0.0,24.839999999999918,False,True
DEBW522AA00014ad3,S0318,S0322,16.837725592974472,0.0,16.999999999999943,False,True
DEBW522AA00014ad3,S0318,S0323,13.372920011053518,0.0,3.8600000000000705,False,True
DEBW522AA00014ad3,S0318,S0324,0.09848857805649486,0.0,3.660000000000082,False,True
DEBW522AA00014ad3,S0319,S0320,64.05048699409573,0.0,7.839999999999947,False,True
DEBW522AA00014ad3,S0319,S0323,5.956945525895156,0.0,28.699999999999932,False,True
DEBW522AA00014ad3,S0320,S0323,5.956945525895156,0.0,20.859999999999985,False,True
DEBW522AA00014ad3,S0321,S0322,32.763590892460314,0.0,7.839999999999975,False,True
DEBW522AA00014ad3,S0323,S0324,6.203190605189718,0.0,0.19999999999998863,False,True
DEBW522AA00014ad3,S0323,S0331,1.4451066925081009,0.0,3.8600000000000705,False,False
DEBW522AA00014ad3,S0324,S0331,0.09851841080741705,0.0,3.660000000000082,False,False
DEBW522AA00014ad3,S0325,S0327,26.787587272772978,0.0,17.119999999999948,False,True
DEBW522AA00014ad3,S0325,S0329,56.23353461013441,0.0,4.400000000000034,False,True
DEBW522AA00014ad3,S0325,S0331,6.107155775996246,0.0,20.299999999999898,False,True
DEBW522AA00014ad3,S0326,S0331,29.844273447466982,0.0,20.29999999999987,False,True
DEBW522AA00014ad3,S0326,S0332,50.850492646549995,0.0,4.560000000000031,False,True
DEBW522AA00014ad3,S0327,S0329,26.787587272772978,0.0,21.519999999999982,False,True
DEBW522AA00014ad3,S0327,S0331,30.919917739139578,0.0,3.17999999999995,False,True
DEBW522AA00014ad3,S0328,S0330,0.10000000005820765,0.0,7.099999999999966,False,True
DEBW522AA00014ad3,S0328,S0331,9.955187222007345,0.0,3.900000000000034,False,True
DEBW522AA00014ad3,S0329,S0331,6.107155775996246,0.0,24.699999999999932,False,True
DEBW522AA00014ad3,S0330,S0331,24.119309756869875,0.0,3.199999999999932,False,True
DEBW522AA00014ad3,S0331,S0332,29.844273447466982,0.0,24.8599999999999,False,True
DEBW522AA00016048,S0333,S0336,8.180176647970999,0.0,11.719999999999885,False,False
DEBW522AA00016048,S0333,S0337,7.089078875614865,0.0,23.740000000000094,False,False
DEBW522AA00016048,S0333,S0339,5.159573625490227,0.0,28.02000000000001,False,False
DEBW522AA00016048,S0333,S0340,10.321879673607674,0.0,19.580000000000013,False,False
DEBW522AA00016048,S0333,S0341,2.866670542441254,0.0,11.719999999999885,False,False
DEBW522AA00016048,S0334,S0335,81.90781673368149,0.0,0.339999999999975,False,False
DEBW522AA00016048,S0334,S0338,1.333754100351774,0.0,7.459999999999894,False,False
DEBW522AA00016048,S0334,S0341,14.47344553238613,0.0,11.719999999999771,False,False
DEBW522AA00016048,S0335,S0338,24.355824160091622,0.0,7.119999999999919,False,False
DEBW522AA00016048,S0335,S0341,16.824437583260025,0.0,11.379999999999797,False,False
DEBW522AA00016048,S0336,S0337,3.9692064699990586,0.0,12.02000000000021,False,True
DEBW522AA00016048,S0336,S0339,5.949574887387762,0.0,16.300000000000125,False,True
DEBW522AA00016048,S0336,S0340,30.282551898716463,0.0,7.860000000000127,False,True
DEBW522AA00016048,S0337,S0339,17.441462431239053,0.0,4.279999999999916,False,True
DEBW522AA00016048,S0337,S0340,55.07805863141097,0.0,4.160000000000082,False,True
DEBW522AA00016048,S0338,S0340,39.59472764843949,0.0,12.120000000000005,False,True
DEBW522AA00016048,S0338,S0341,9.570757546514441,0.0,4.259999999999877,False,True
DEBW522AA00016048,S0340,S0341,41.97323716651785,0.0,7.860000000000127,False,True
DEBW522AA0000dc32,S0342,S0344,6.315765624207794,0.0,38.16000000000005,False,False
DEBW522AA0000dc32,S0342,S0345,5.122424696063506,0.0,41.380000000000024,False,False
DEBW522AA0000dc32,S0342,S0346,8.854840483718572,0.0,34.74000000000004,False,False
DEBW522AA0000dc32,S0342,S0347,1.4593101805633564,0.0,34.74000000000004,False,False
DEBW522AA0000dc32,S0343,S0344,1.185959527142091,0.0,7.140000000000043,False,True
DEBW522AA0000dc32,S0343,S0345,3.200390601020643,0.0,3.9200000000000728,False,True
DEBW522AA0000dc32,S0343,S0346,4.493668941191114,0.0,10.56000000000006,False,True
DEBW522AA0000dc32,S0343,S0347,1.553093687100669,0.0,10.56000000000006,False,True
DEBW522AA0000dc32,S0344,S0345,19.117986218254547,0.0,3.2199999999999704,False,True
DEBW522AA0000dc32,S0344,S0347,18.679901198380655,0.0,3.420000000000016,False,True
DEBW522AA0000dc32,S0345,S0346,13.846571366966783,0.0,6.639999999999986,False,True
DEBW522AA0000006d,S0352,S0354,65.0030226438674,0.0,3.5,False,True
DEBW522AA0000006d,S0352,S0376,6.01960131578863,0.0,5.684341886080802e-14,True,False
DEBW522AA0000006d,S0354,S0358,15.721671259040686,0.0,1.0799999999999272,False,False
DEBW522AA0000006d,S0354,S0368,2.719117503570455,0.0,8.080000000000041,False,False
DEBW522AA0000006d,S0354,S0376,0.6126989471226202,0.0,3.499999999999943,False,False
DEBW522AA0000006d,S0355,S0356,27.271098254266438,0.05816131612951324,0.00010574776450766876,True,True
DEBW522AA0000006d,S0355,S0392,0.6484597135061765,81.84391099443016,0.33450394710803266,False,True
DEBW522AA0000006d,S0356,S0381,27.275734636956663,16.41240189445846,0.020717276064658563,False,True
DEBW522AA0000006d,S0357,S0358,2.9338014480133205,0.0,18.22000000000014,False,True
DEBW522AA0000006d,S0358,S0361,2.956112312137058,0.0,18.22000000000014,False,True
DEBW522AA0000006d,S0358,S0362,2.881114766135251,0.0,18.22000000000014,False,True
DEBW522AA0000006d,S0358,S0368,15.133803223703177,0.0,7.000000000000114,False,True
DEBW522AA0000006d,S0358,S0370,19.055947540283096,0.0,6.379999999999882,False,True
DEBW522AA0000006d,S0358,S0377,0.7340980859983234,0.0,0.0,True,True
DEBW522AA0000006d,S0359,S0360,41.68040306933413,0.0,3.7399999999999523,False,True
DEBW522AA0000006d,S0359,S0364,7.888917879903794,0.0,2.6399999999999864,False,True
DEBW522AA0000006d,S0359,S0376,5.9937050308008155,0.0,0.8400000000000318,False,True
DEBW522AA0000006d,S0359,S0377,0.0894427191312291,0.0,3.7399999999998386,False,True
DEBW522AA0000006d,S0359,S0392,34.404152366287924,0.0,3.7399999999999523,False,True
DEBW522AA0000006d,S0360,S0377,2.5223005378401773,0.0,1.1368683772161603e-13,True,True
DEBW522AA0000006d,S0363,S0364,10.151784298770682,0.0,2.6399999999999864,False,True
DEBW522AA0000006d,S0363,S0366,9.90583789255016,0.0,2.6399999999999864,False,True
DEBW522AA0000006d,S0363,S0377,33.02225718019989,0.0,3.7399999999998386,False,True
DEBW522AA0000006d,S0364,S0377,2.321055794375695,0.0,6.379999999999825,False,True
DEBW522AA0000006d,S0364,S0392,4.615246472112855,0.0,6.379999999999939,False,True
DEBW522AA0000006d,S0365,S0370,5.724377695456251,0.0,2.640000000000043,False,True
DEBW522AA0000006d,S0365,S0375,34.39617565945362,0.0,3.7399999999999523,False,True
DEBW522AA0000006d,S0365,S0377,44.66419870849397,0.0,3.7399999999998386,False,True
DEBW522AA0000006d,S0366,S0375,2.9203595669149562,0.0,6.379999999999939,False,True
DEBW522AA0000006d,S0366,S0377,2.589382165810822,0.0,6.379999999999825,False,True
DEBW522AA0000006d,S0367,S0368,2.6564638152093756,0.0,12.879999999999939,False,True
DEBW522AA0000006d,S0367,S0369,4.417805466087399,0.0,7.099999999999966,False,True
DEBW522AA0000006d,S0369,S0371,4.364825311255439,81.81515237952466,0.8710552665554019,False,True
DEBW522AA0000006d,S0370,S0371,0.12529964115463918,81.81515237952466,5.884162626791181,False,True
DEBW522AA0000006d,S0370,S0373,0.21960411626121562,65.50784905461191,5.577917443776698,False,True
DEBW522AA0000006d,S0370,S0377,3.528526604798939,0.0,6.379999999999882,False,True
DEBW522AA0000006d,S0370,S0380,0.08062257773134565,49.15931268598628,5.095724149641796,False,True
DEBW522AA0000006d,S0370,S0383,0.5009152904074237,16.35381241589871,4.657019628904209,False,True
DEBW522AA0000006d,S0370,S0385,0.4338202389692871,32.78351076878321,5.002787951312371,False,True
DEBW522AA0000006d,S0370,S0386,0.5008991916097935,16.35379156721165,4.575096122840591,False,True
DEBW522AA0000006d,S0370,S0387,0.5142956347833016,0.0,4.576000000000022,False,True
DEBW522AA0000006d,S0370,S0388,0.3354101964687809,49.12219506668097,5.0055587808678865,False,True
DEBW522AA0000006d,S0370,S0391,0.43830787333138643,32.783564788683236,4.88921591483529,False,True
DEBW522AA0000006d,S0371,S0372,27.271098254266438,0.0287732878540795,0.00011780135145045278,True,True
DEBW522AA0000006d,S0372,S0373,27.271296265324438,16.336061888429562,0.01180510979634164,False,True
DEBW522AA0000006d,S0372,S0376,0.10295630130222493,81.84391094304148,4.027955819244369,False,True
DEBW522AA0000006d,S0373,S0374,27.280258429808153,0.04466470913863051,7.383069430488831e-06,True,True
DEBW522AA0000006d,S0374,S0376,0.21023795993099634,65.4631924226181,3.5942726208270415,False,True
DEBW522AA0000006d,S0374,S0388,27.275734637370157,16.34099735593715,0.0017315772771553384,False,True
DEBW522AA0000006d,S0376,S0379,0.33541019644274966,49.12204739760148,3.2015704460434904,False,True
DEBW522AA0000006d,S0376,S0381,0.15652475812822894,65.37337754723515,3.5838165494710665,False,True
DEBW522AA0000006d,S0376,S0383,0.5008991907986732,16.35381241589871,2.922238324268392,False,True
DEBW522AA0000006d,S0376,S0384,0.43383325143645507,32.80999067340643,3.1012909607503047,False,True
DEBW522AA0000006d,S0376,S0387,0.5142956347833016,0.0,2.7760000000000105,False,True
DEBW522AA0000006d,S0376,S0389,0.3354101964687809,49.04733141131188,3.5946172349138124,False,True
DEBW522AA0000006d,S0379,S0380,27.276587030006308,0.03727201659188519,5.7864702966980985e-06,True,True
DEBW522AA0000006d,S0379,S0382,27.275734637370157,16.34132334025507,0.0039057113845046842,False,True
DEBW522AA0000006d,S0380,S0384,27.275734636956663,16.349322012579826,0.00016865982200897633,False,True
DEBW522AA0000006d,S0381,S0382,27.27584462465506,0.0900094852616586,4.663031938889617e-05,True,True
DEBW522AA0000006d,S0383,S0385,27.275734637370157,16.429698352884508,0.0007583106136621609,False,True
DEBW522AA0000006d,S0383,S0387,27.275734636956663,16.35381241589871,0.0003475189924984079,False,True
DEBW522AA0000006d,S0384,S0385,27.28209119550772,0.026484694248543557,2.635742930578999e-07,True,True
DEBW522AA0000006d,S0386,S0387,27.275734636956663,16.35379156721165,0.0009038771594305217,False,True
DEBW522AA0000006d,S0386,S0390,27.275734636956663,16.45617127697789,9.373108446197875e-05,False,True
DEBW522AA0000006d,S0388,S0389,27.27658702995447,0.07487719483576857,6.913909487593628e-06,True,True
DEBW522AA0000006d,S0389,S0391,27.275734637370157,16.263766622628626,0.0011255483834702318,False,True
DEBW522AA0000006d,S0390,S0391,27.273202965540158,0.02640283050830138,1.5796922525623813e-07,True,True
DEBW522AA000241ff,S0394,S0396,10.200745829970336,0.0,3.159999999999968,False,True
DEBW522AA000241ff,S0394,S0398,2.557049080639044,0.0,20.679999999999836,False,True
DEBW522AA000241ff,S0394,S0399,12.80356589821629,0.0,20.680000000000007,False,True
DEBW522AA000241ff,S0395,S0396,9.041521267364018,0.0,1.5,False,True
DEBW522AA000241ff,S0396,S0397,19.34872847341868,0.0,6.779999999999973,False,True
DEBW522AA000241ff,S0396,S0398,66.8616814964692,0.0,23.839999999999804,False,True
DEBW522AA000241ff,S0396,S0399,2.557049080639044,0.0,23.839999999999975,False,True
DEBW522AA000241ff,S0397,S0398,17.455371665825062,0.0,17.05999999999983,False,True
DEBW522AA000241ff,S0398,S0399,2.557049080639044,0.0,1.7053025658242404e-13,True,True
DEBW522AA00043753,S0400,S0401,2.6746962443982127,75.11616942180613,0.000596564760144247,False,True
DEBW522AA00043753,S0400,S0403,3.425273711926491,46.86410495429608,0.0006244804573043439,False,True
DEBW522AA00043753,S0400,S0405,2.1882641519481836,4.57021302051701,0.00027264360869594384,False,True
DEBW522AA00043753,S0401,S0403,3.4234485533425185,48.580147097739975,0.0035374987216982845,False,True
DEBW522AA00043753,S0401,S0417,2.087773934195805,7.221016432076575,0.3822857615587054,False,True
DEBW522AA00043753,S0402,S0403,7.982261583979866,42.294226674092116,0.0030350836584602803,False,True
DEBW522AA00043753,S0402,S0415,8.078910817739004,42.42001320370485,0.0025730417088993818,False,True
DEBW522AA00043753,S0403,S0405,2.2688528929281935,42.91980377230418,0.0003021351279812734,False,True
DEBW522AA00043753,S0403,S0408,8.823661371600997,30.46015908593039,0.15266826887557272,False,True
DEBW522AA00043753,S0403,S0413,3.282834141889457,30.82387019507893,0.09974933313736756,False,True
DEBW522AA00043753,S0403,S0415,4.700638255165965,60.20636971013177,0.002566680675272437,False,True
DEBW522AA00043753,S0403,S0416,10.299902912139416,48.3141877808952,0.0012478835637352859,False,True
DEBW522AA00043753,S0404,S0413,4.097621261028844,0.6669458313697194,7.496575443610709e-05,True,True
DEBW522AA00043753,S0404,S0414,2.5904825805688128,49.95745963726749,0.004362423651343761,False,True
DEBW522AA00043753,S0404,S0418,3.0516389036099265,0.0961264991720745,8.639705907853568e-05,True,True
DEBW522AA00043753,S0405,S0409,3.0012830589898805,45.026125819546365,0.0007798726745136264,False,True
DEBW522AA00043753,S0405,S0412,10.152364256760517,43.661703828377554,0.0005452387689501847,False,True
DEBW522AA00043753,S0405,S0417,34.61978191728435,63.63166050367205,0.0004830914596141156,False,True
DEBW522AA00043753,S0406,S0407,3.1065253900593794,23.24979880744618,0.0024385085947074003,False,True
DEBW522AA00043753,S0406,S0409,4.0549352641046115,40.83787430086339,0.002384642180800256,False,True
DEBW522AA00043753,S0406,S0410,2.6040353300005874,57.911307981610435,0.005262473714651605,False,True
DEBW522AA00043753,S0407,S0419,11.008019803679952,1.6805758783065765,0.00023742966760664785,False,True
DEBW522AA00043753,S0408,S0413,17.933014247458136,1.0144622640776715,6.951205523364479e-05,False,True
DEBW522AA00043753,S0408,S0417,19.153156153447366,31.171387613036917,0.0027691978460779865,False,True
DEBW522AA00043753,S0408,S0420,3.381789467019116,55.23032030808674,0.005113148638656639,False,True
DEBW522AA00043753,S0409,S0410,3.7605584695695273,42.742354044172416,0.0015826047862219639,False,True
DEBW522AA00043753,S0409,S0411,9.965806540813645,43.18864656983152,0.002090349341358433,False,True
DEBW522AA00043753,S0409,S0412,14.487546375813434,63.04363662187335,0.0020513843723506398,False,True
DEBW522AA00043753,S0409,S0417,6.650067669215297,42.83099978768015,0.0016803625522356924,False,True
DEBW522AA00043753,S0410,S0418,2.714479692498892,30.769174177747573,0.002020815786067942,False,True
DEBW522AA00043753,S0411,S0412,10.246799500954618,43.04433712759023,0.0034092514286498954,False,True
DEBW522AA00043753,S0414,S0419,3.0229952032165173,11.979029176549,0.00013060908247553016,False,True
DEBW522AA00043753,S0414,S0420,3.3881705975827465,13.37456057856074,0.0011897842898065392,False,True
DEBW522AA00043753,S0415,S0416,7.361589502009175,33.48554519372135,0.0027327139697490566,False,True
DEBW522AA00043753,S0418,S0419,10.555396723958836,48.82187344451519,0.004389371507045325,False,True
DEBW522AA00027308,S0421,S0422,12.609187346845456,0.0,2.5579538487363607e-13,True,True
DEBW522AA00027308,S0421,S0432,12.609187346845456,0.0,4.940000000000055,False,True
DEBW522AA00027308,S0421,S0433,23.745609207216198,0.0,4.939999999999969,False,True
DEBW522AA00027308,S0422,S0423,27.868028550135527,0.0,4.9400000000002535,False,True
DEBW522AA00027308,S0422,S0424,9.789996423857964,0.0,2.8421709430404007e-13,True,True
DEBW522AA00027308,S0422,S0425,11.84736257576941,0.0,4.940000000000282,False,True
DEBW522AA00027308,S0422,S0426,15.595788736892738,0.0,4.9400000000002535,False,True
DEBW522AA00027308,S0422,S0427,11.84736257576941,0.0,2.8421709430404007e-13,True,True
DEBW522AA00027308,S0422,S0428,15.595788736892738,0.0,2.8421709430404007e-13,True,True
DEBW522AA00027308,S0422,S0429,73.79725449293,0.0,15.799999999999756,False,True
DEBW522AA00027308,S0422,S0432,113.33287444678548,0.0,4.94000000000031,False,True
DEBW522AA00027308,S0422,S0433,12.609187346845456,0.0,4.940000000000225,False,True
DEBW522AA00027308,S0422,S0434,9.789996423857964,0.0,4.940000000000282,False,True
DEBW522AA00027308,S0423,S0424,9.789996423857964,0.0,4.939999999999969,False,True
DEBW522AA00027308,S0423,S0429,15.701781172024184,0.0,20.74000000000001,False,True
DEBW522AA00027308,S0423,S0432,8.59933136904247,0.0,5.684341886080802e-14,True,True
DEBW522AA00027308,S0423,S0434,9.789996423857964,0.0,2.842170943040401e-14,True,True
DEBW522AA00027308,S0424,S0425,5.799663782972256,0.0,4.939999999999998,False,True
DEBW522AA00027308,S0424,S0427,5.799663782972256,0.0,0.0,True,True
DEBW522AA00027308,S0424,S0429,6.664608015845596,0.0,15.80000000000004,False,True
DEBW522AA00027308,S0424,S0434,43.70582084387443,0.0,4.939999999999998,False,True
DEBW522AA00027308,S0425,S0426,5.9005931905622955,0.0,2.842170943040401e-14,True,True
DEBW522AA00027308,S0425,S0427,31.348830404760815,0.0,4.939999999999998,False,True
DEBW522AA00027308,S0425,S0428,5.9005931905622955,0.0,4.939999999999998,False,True
DEBW522AA00027308,S0425,S0432,11.84736257576941,0.0,2.842170943040401e-14,True,True
DEBW522AA00027308,S0425,S0434,5.799663782972256,0.0,0.0,True,True
DEBW522AA00027308,S0426,S0427,5.9005931905622955,0.0,4.939999999999969,False,True
DEBW522AA00027308,S0426,S0428,46.0767741875444,0.0,4.939999999999969,False,True
DEBW522AA00027308,S0426,S0432,15.595788736892738,0.0,5.684341886080802e-14,True,True
DEBW522AA00027308,S0427,S0428,5.9005931905622955,0.0,0.0,True,True
DEBW522AA00027308,S0427,S0432,11.84736257576941,0.0,4.940000000000026,False,True
DEBW522AA00027308,S0427,S0434,5.799663782972256,0.0,4.939999999999998,False,True
DEBW522AA00027308,S0428,S0432,15.595788736892738,0.0,4.940000000000026,False,True
DEBW522AA00027308,S0429,S0430,100.28661522755134,0.0,15.79999999999987,False,True
DEBW522AA00027308,S0429,S0431,100.2866207390121,0.0,20.740000000000066,False,True
DEBW522AA00027308,S0429,S0432,58.09547332090581,0.0,20.740000000000066,False,True
DEBW522AA00027308,S0429,S0434,6.664608015845596,0.0,20.740000000000038,False,True
DEBW522AA00027308,S0430,S0431,220.94534316004177,0.0,4.940000000000197,False,True
DEBW522AA00027308,S0432,S0433,12.609187346845456,0.0,8.526512829121202e-14,True,True
DEBW522AA00015486,S0435,S0436,27.66891740160559,0.0,17.359999999999985,False,False
DEBW522AA00015486,S0435,S0437,63.22860209075385,0.0,21.04000000000005,False,False
DEBW522AA00015486,S0436,S0437,102.23423562510189,0.0,3.6800000000000637,False,True
DEBW522AA0000ea62,S0438,S0439,45.873217676551725,0.005382027086881695,3.0786304705543444e-07,True,True
DEBW522AA0000ea62,S0438,S0442,45.18070495263132,7.011324766651976,20.832454416372684,False,True
DEBW522AA0000ea62,S0438,S0447,7.960301501850656,7.011324766651976,18.311453262001464,False,True
DEBW522AA0000ea62,S0439,S0440,40.69634135867743,0.009536975678304369,1.8375331478637236e-07,True,True
DEBW522AA0000ea62,S0439,S0447,5.266735231840535,7.016623650650361,18.31102179417431,False,True
DEBW522AA0000ea62,S0440,S0441,9.515723829982113,0.002382321920703472,3.5907476103602676e-08,True,True
DEBW522AA0000ea62,S0440,S0446,34.71889975126471,7.0072742899184925,7.049734735736678,False,True
DEBW522AA0000ea62,S0441,S0448,13.166336002640008,7.008566994182253,18.309493623644926,False,True
DEBW522AA0000ea62,S0442,S0443,1.6389594321065428,0.0,28.860000000000014,False,True
DEBW522AA0000ea62,S0442,S0444,2.7841156589958693,0.0,28.860000000000014,False,True
DEBW522AA0000ea62,S0442,S0447,4.492593905271118,0.0,3.500000000000057,False,True
DEBW522AA0000ea62,S0442,S0448,94.01915959015182,0.0,3.500000000000057,False,True
DEBW522AA0000ea62,S0443,S0447,4.075389551333137,0.0,25.359999999999957,False,True
DEBW522AA0000ea62,S0443,S0448,53.17400882582196,0.0,25.359999999999957,False,True
DEBW522AA0000ea62,S0444,S0447,12.584248110251366,0.0,25.359999999999957,False,True
DEBW522AA0000ea62,S0444,S0448,1.8707217852442313,0.0,25.359999999999957,False,True
DEBW522AA0000ea62,S0445,S0447,64.90332901873084,0.0,3.500000000000057,False,True
DEBW522AA0000ea62,S0445,S0448,7.400574302144676,0.0,3.500000000000057,False,True
DEBW522AA0000ea62,S0446,S0447,62.56243375736651,0.0,25.359999999999957,False,True
DEBW522AA0000ea62,S0446,S0448,35.241289703915704,0.0,25.359999999999957,False,True
DEBW522AA0000ea62,S0447,S0448,11.36527363284118,0.0,0.0,True,True
