building_id,physical_facet_uid,usable_area_m2,gross_area_3d_m2,gross_area_plan_m2,tilt_deg,source_surface_count,modules
DEBW522AA0000006d,DEBW522AA0000006d_PF001,66.25070000124171,66.25070000124171,66.25070000124171,0.0,1,26
DEBW522AA0000006d,DEBW522AA0000006d_PF002,207.90070106809299,208.82334999974344,208.82334999974344,0.0,2,88
DEBW522AA0000006d,DEBW522AA0000006d_PF003,1294.1575534842175,1345.309699993209,1345.309699993209,0.0,1,573
DEBW522AA0000006d,DEBW522AA0000006d_PF004,2.6096300310034892,23.640600965437326,3.3538999967220207,81.8439110004074,2,0
DEBW522AA0000006d,DEBW522AA0000006d_PF005,1.4123020495464278,2.4764000000873,2.4764000000873,0.0,1,0
DEBW522AA0000006d,DEBW522AA0000006d_PF006,669.9529511858419,731.5537000082261,731.5537000082256,0.0,3,256
DEBW522AA0000006d,DEBW522AA0000006d_PF007,302.93452872570094,305.6194500069749,305.6194500069749,0.0,1,134
DEBW522AA0000006d,DEBW522AA0000006d_PF008,1.5597766449314492,2.663700000064809,2.6637000000648086,0.0,1,0
DEBW522AA0000006d,DEBW522AA0000006d_PF009,1.2024071182689453,2.2066999995639898,2.2066999995639898,0.0,1,0
DEBW522AA0000006d,DEBW522AA0000006d_PF010,183.24331349683027,187.96474999286298,187.96474999286298,0.0,1,81
DEBW522AA0000006d,DEBW522AA0000006d_PF011,47.63339652054192,49.04054999919077,49.04054999919077,0.0,1,15
DEBW522AA0000006d,DEBW522AA0000006d_PF012,251.31957339039437,252.52429999551006,252.52429999550998,0.0,1,115
DEBW522AA0000006d,DEBW522AA0000006d_PF013,47.67907513189448,48.86895000039997,48.86895000039997,0.0,1,15
DEBW522AA0000006d,DEBW522AA0000006d_PF014,25.059386236826082,28.05775000101328,28.05775000101328,0.0,1,8
DEBW522AA0000006d,DEBW522AA0000006d_PF015,38.33451883274215,44.06029999868943,44.06029999868943,0.0,1,14
DEBW522AA0000006d,DEBW522AA0000006d_PF016,9.378737134496347,11.061399999966518,11.061399999966518,0.0,1,2
DEBW522AA0000006d,DEBW522AA0000006d_PF017,88.33800588975824,90.78935000061698,90.78935000061696,0.0,1,40
DEBW522AA0000006d,DEBW522AA0000006d_PF018,16.089090320889184,24.84350795409991,3.5369000054057835,81.81515238819595,2,0
DEBW522AA0000006d,DEBW522AA0000006d_PF019,10.03522262286537,14.123718614580671,5.8552499955071085,65.50784903641188,2,0
DEBW522AA0000006d,DEBW522AA0000006d_PF020,88.50510299707975,98.82125000150351,98.82125000150353,0.0,1,38
DEBW522AA0000006d,DEBW522AA0000006d_PF021,13.978915424547006,13.978915424547006,9.148500006386655,49.12204727904304,2,0
DEBW522AA0000006d,DEBW522AA0000006d_PF022,4.251823753207003,14.636315888104859,6.098999993581884,65.37337761298647,2,0
DEBW522AA0000006d,DEBW522AA0000006d_PF023,14.238262058215332,14.238262058215332,13.662199993510427,16.353812408767993,1,0
DEBW522AA0000006d,DEBW522AA0000006d_PF024,14.078396580212491,14.078396580212491,11.832500003190944,32.80999066958591,2,0
DEBW522AA0000006d,DEBW522AA0000006d_PF025,14.120312215254613,14.238260550040867,13.662200004083871,16.35379157540783,1,0
DEBW522AA0000006d,DEBW522AA0000006d_PF026,14.027699998727963,14.027699998727961,14.027699998727968,0.0,1,0
DEBW522AA0000006d,DEBW522AA0000006d_PF027,13.823993462345936,13.978957070471761,9.148499995780668,49.12219508194308,2,0
DEBW522AA0000006d,DEBW522AA0000006d_PF028,14.066810681983739,14.222477803156112,11.953600003302427,32.80996280918746,2,0
DEBW522AA0000006d,DEBW522AA0000006d_PF029,144.1424256399711,155.70660000192913,155.70660000192908,0.0,1,58
DEBW522AA00001e49,DEBW522AA00001e49_PF001,332.9224056904964,356.2722999953037,356.2722999953038,0.0,1,147
DEBW522AA00003661,DEBW522AA00003661_PF001,307.477739953374,330.71685000054794,330.716850000548,0.0,1,135
DEBW522AA00007bc6,DEBW522AA00007bc6_PF001,162.2946445343634,186.74710001148443,186.7471000114844,0.0,1,51
DEBW522AA00007bc6,DEBW522AA00007bc6_PF002,53.03190000063655,53.03190000063655,53.03190000063655,0.0,1,20
DEBW522AA00007bc6,DEBW522AA00007bc6_PF003,486.60328587259977,489.36704999100476,489.3670499910046,0.0,1,221
DEBW522AA00007bc6,DEBW522AA00007bc6_PF004,471.1628658600002,499.16795002166947,499.16795002166947,0.0,1,204
DEBW522AA00007f7e,DEBW522AA00007f7e_PF001,23.92989092404469,31.1060000012574,31.106000001257403,0.0,1,5
DEBW522AA00007f7e,DEBW522AA00007f7e_PF002,5.034315709286417,5.9659000017269515,5.9659000017269515,0.0,1,1
DEBW522AA00007f7e,DEBW522AA00007f7e_PF003,24.668030970941878,30.988450001104518,30.98845000110451,0.0,1,8
DEBW522AA00007f7e,DEBW522AA00007f7e_PF004,451.17473712691674,478.2519999994881,478.25199999948796,0.0,1,208
DEBW522AA00008bfa,DEBW522AA00008bfa_PF001,40.89151406611067,46.47510000311429,46.4751000031143,0.0,1,15
DEBW522AA00008bfa,DEBW522AA00008bfa_PF002,6.498361828158914,13.639500000825585,13.639500000825617,0.0,1,0
DEBW522AA00008bfa,DEBW522AA00008bfa_PF003,12.180319858174272,14.929349997493532,14.929349997493532,0.0,1,3
DEBW522AA00008bfa,DEBW522AA00008bfa_PF004,382.7148614148649,390.8153500034259,390.81535000342586,0.0,1,169
DEBW522AA00008bfa,DEBW522AA00008bfa_PF005,12.438727148535307,12.962500000634464,12.962500000634464,0.0,1,3
DEBW522AA00008bfa,DEBW522AA00008bfa_PF006,50.31974895750729,60.18575000472464,60.18575000472464,0.0,1,20
DEBW522AA00008bfa,DEBW522AA00008bfa_PF007,43.40478166827007,47.63440000080623,47.634400000806224,0.0,1,14
DEBW522AA00008bfa,DEBW522AA00008bfa_PF008,436.92280177258357,455.77799998800015,455.7779999880003,0.0,1,186
DEBW522AA00008bfa,DEBW522AA00008bfa_PF009,57.80706131190058,61.1739500012923,61.17395000129229,0.0,1,24
DEBW522AA00008bfa,DEBW522AA00008bfa_PF010,61.06341032255749,67.4768500030506,67.47685000305061,0.0,1,18
DEBW522AA00008bfa,DEBW522AA00008bfa_PF011,615.4873787295377,649.1298499827352,649.1298499827348,0.0,1,221
DEBW522AA00008bfa,DEBW522AA00008bfa_PF012,2813.9798864123363,2833.8285999980635,2833.828599998065,0.0,1,1333
DEBW522AA00008bfa,DEBW522AA00008bfa_PF013,1144.00132781299,1153.851699990795,1153.8516999907947,0.0,1,540
DEBW522AA00008bfa,DEBW522AA00008bfa_PF014,43.40478166827007,47.634400000806224,47.634400000806224,0.0,1,14
DEBW522AA00008bfa,DEBW522AA00008bfa_PF015,615.7220297295048,652.1292999764856,652.1292999764839,0.0,1,222
DEBW522AA0000c243,DEBW522AA0000c243_PF001,617.8086896741868,662.0128999914912,662.0128999914912,0.0,1,250
DEBW522AA0000c243,DEBW522AA0000c243_PF002,7.760684052237382,9.983300000488398,9.983300000488397,0.0,2,2
DEBW522AA0000c243,DEBW522AA0000c243_PF003,70.50075040954567,83.51619999651679,83.51619999651673,0.0,1,22
DEBW522AA0000c243,DEBW522AA0000c243_PF004,64.08134224145235,69.99320000406536,69.99320000406536,0.0,1,23
DEBW522AA0000c243,DEBW522AA0000c243_PF005,21.641917249649985,23.67210000005543,23.672100000055426,0.0,1,8
DEBW522AA0000c243,DEBW522AA0000c243_PF006,537.6967604919273,547.296100020303,547.2961000203032,0.0,1,249
DEBW522AA0000cfb4,DEBW522AA0000cfb4_PF001,1272.87151492732,1348.933699978844,1348.9336999788438,0.0,1,574
DEBW522AA0000cfb4,DEBW522AA0000cfb4_PF002,340.4524005714804,361.788350019566,361.78835001956577,0.0,1,154
DEBW522AA0000cfb4,DEBW522AA0000cfb4_PF003,1219.5357512119278,1267.2625000038531,1267.2625000038524,0.0,1,553
DEBW522AA0000cfb4,DEBW522AA0000cfb4_PF004,33.346255726084195,38.73405000055732,38.73405000055732,0.0,1,10
DEBW522AA0000dc32,DEBW522AA0000dc32_PF001,524.756143642015,546.4583500003589,546.4583500003589,0.0,1,227
DEBW522AA0000dc32,DEBW522AA0000dc32_PF002,37.87206138724722,42.30559999790214,42.30559999790214,0.0,1,13
DEBW522AA0000dc32,DEBW522AA0000dc32_PF003,47.909200000927505,47.909200000927505,47.90920000092751,0.0,1,11
DEBW522AA0000dc32,DEBW522AA0000dc32_PF004,67.70995000133695,67.70995000133696,67.70995000133695,0.0,1,24
DEBW522AA0000dc32,DEBW522AA0000dc32_PF005,141.19660589043093,150.27054999863375,150.27054999863375,0.0,1,55
DEBW522AA0000dc32,DEBW522AA0000dc32_PF006,29.23555723297672,32.998049999747245,32.99804999974723,0.0,1,6
DEBW522AA0000e41a,DEBW522AA0000e41a_PF001,19.967661688014577,26.602850004456744,26.60285000445674,0.0,1,0
DEBW522AA0000e41a,DEBW522AA0000e41a_PF002,3.40901040962612,4.76485000053174,4.764850000531738,0.0,1,0
DEBW522AA0000e41a,DEBW522AA0000e41a_PF003,10.56831104498439,13.82509999879034,13.82509999879034,0.0,1,0
DEBW522AA0000e41a,DEBW522AA0000e41a_PF004,171.97631199491275,178.57479999873422,178.57479999873416,0.0,2,72
DEBW522AA0000e41a,DEBW522AA0000e41a_PF005,26.154576956770924,26.96079999827156,26.960799998271554,0.0,1,11
DEBW522AA0000e41a,DEBW522AA0000e41a_PF006,3.927212460100476,4.3027999994179,4.3027999994179,0.0,1,0
DEBW522AA0000e41a,DEBW522AA0000e41a_PF007,11.858410885897577,12.236549997319514,12.23654999731951,0.0,1,0
DEBW522AA0000e41a,DEBW522AA0000e41a_PF008,9.012057628405815,11.084500000891975,11.084500000891975,0.0,1,3
DEBW522AA0000e41a,DEBW522AA0000e41a_PF009,50.47644999853499,50.476449998534996,50.476449998534996,0.0,1,19
DEBW522AA0000ea62,DEBW522AA0000ea62_PF001,362.6497790090404,362.64977900904046,359.9379000028541,7.011324766710394,4,156
DEBW522AA0000ea62,DEBW522AA0000ea62_PF002,857.959549999859,857.959549999859,857.9595499998591,0.0,1,400
DEBW522AA0000ea62,DEBW522AA0000ea62_PF003,175.26516166015142,191.8328999991026,191.83289999910258,0.0,1,59
DEBW522AA0000ea62,DEBW522AA0000ea62_PF004,34.535396846190544,36.91724999936304,36.91724999936303,0.0,1,12
DEBW522AA0000ea62,DEBW522AA0000ea62_PF005,212.77670000290718,212.77670000290718,212.77670000290715,0.0,1,96
DEBW522AA0000ea62,DEBW522AA0000ea62_PF006,978.4514499896947,978.4514499896947,978.4514499896948,0.0,1,455
DEBW522AA0000ea62,DEBW522AA0000ea62_PF007,1728.573948179103,1804.7309000003486,1804.7309000003477,0.0,2,674
DEBW522AA00010752,DEBW522AA00010752_PF001,58.77012144545724,64.45080000015399,64.45080000015399,0.0,1,26
DEBW522AA00010752,DEBW522AA00010752_PF002,63.12801128757593,66.0130000033633,66.0130000033633,0.0,1,24
DEBW522AA00010752,DEBW522AA00010752_PF003,293.95734059687516,307.91209999986654,307.9120999998665,0.0,1,125
DEBW522AA00010752,DEBW522AA00010752_PF004,21.60237097737435,22.887550001808606,22.887550001808606,0.0,1,6
DEBW522AA00010752,DEBW522AA00010752_PF005,180.3770809218206,193.1109499955463,193.1109499955463,0.0,1,78
DEBW522AA00010752,DEBW522AA00010752_PF006,36.83720842336785,43.94429999968787,43.94429999968787,0.0,1,12
DEBW522AA00014ad3,DEBW522AA00014ad3_PF001,41.78570138327035,47.455149999768324,47.45514999976833,0.0,1,16
DEBW522AA00014ad3,DEBW522AA00014ad3_PF002,33.273229581544705,35.98375000042666,35.98375000042666,0.0,1,13
DEBW522AA00014ad3,DEBW522AA00014ad3_PF003,335.1034503820346,351.74085000344695,351.7408500034469,0.0,1,156
DEBW522AA00014ad3,DEBW522AA00014ad3_PF004,78.6035077484195,88.12099999953622,88.1209999995362,0.0,1,32
DEBW522AA00014ad3,DEBW522AA00014ad3_PF005,78.60350774841947,88.12099999953618,88.1209999995362,0.0,1,32
DEBW522AA00014ad3,DEBW522AA00014ad3_PF006,13.015154678925605,17.897950001861737,17.89795000186174,0.0,1,0
DEBW522AA00014ad3,DEBW522AA00014ad3_PF007,13.0151546789256,17.897950001861737,17.897950001861737,0.0,1,0
DEBW522AA00014ad3,DEBW522AA00014ad3_PF008,44.4775499976098,44.4775499976098,44.4775499976098,0.0,1,20
DEBW522AA00014ad3,DEBW522AA00014ad3_PF009,0.5911000000494886,0.5911000000494886,0.5911000000494884,0.0,1,0
DEBW522AA00014ad3,DEBW522AA00014ad3_PF010,77.2724798896106,86.83850000422571,86.83850000422571,0.0,1,27
DEBW522AA00014ad3,DEBW522AA00014ad3_PF011,86.34368724802198,92.47150000217482,92.47150000217482,0.0,1,34
DEBW522AA00014ad3,DEBW522AA00014ad3_PF012,54.484173413999045,64.89580000924137,64.89580000924137,0.0,1,17
DEBW522AA00014ad3,DEBW522AA00014ad3_PF013,23.344831895052614,26.54875000029919,26.548750000299187,0.0,1,9
DEBW522AA00014ad3,DEBW522AA00014ad3_PF014,77.27247988961061,86.83850000422571,86.83850000422571,0.0,1,28
DEBW522AA00014ad3,DEBW522AA00014ad3_PF015,41.36261328656121,47.949149997496065,47.949149997496065,0.0,1,10
DEBW522AA00014ad3,DEBW522AA00014ad3_PF016,512.1964194096657,525.0931499989629,525.0931499989628,0.0,1,221
DEBW522AA00014ad3,DEBW522AA00014ad3_PF017,86.343687248022,92.47150000217484,92.47150000217482,0.0,1,33
DEBW522AA00015486,DEBW522AA00015486_PF001,851.1537365907371,870.1058000001598,870.1058000001598,0.0,1,395
DEBW522AA00015486,DEBW522AA00015486_PF002,1221.3869426033202,1282.2898999947931,1282.2898999947924,0.0,1,511
DEBW522AA00015486,DEBW522AA00015486_PF003,634.7385999871892,634.738599987189,634.738599987189,0.0,1,281
DEBW522AA00016048,DEBW522AA00016048_PF001,265.97779630186517,277.8950499944776,277.89504999447763,0.0,1,115
DEBW522AA00016048,DEBW522AA00016048_PF002,385.80846999803026,419.75059999580094,419.7505999958008,0.0,1,137
DEBW522AA00016048,DEBW522AA00016048_PF003,408.91844177895825,409.0267500038025,409.0267500038025,0.0,1,169
DEBW522AA00016048,DEBW522AA00016048_PF004,224.34771164114323,232.59790000256342,232.59790000256328,0.0,1,91
DEBW522AA00016048,DEBW522AA00016048_PF005,286.24970001043056,286.2497000104305,286.24970001043056,0.0,1,118
DEBW522AA00016048,DEBW522AA00016048_PF006,269.74734133997447,280.2846500081894,280.2846500081895,0.0,1,109
DEBW522AA00016048,DEBW522AA00016048_PF007,51.85809999935647,51.85809999935647,51.85809999935647,0.0,1,18
DEBW522AA00016048,DEBW522AA00016048_PF008,1101.8549548030223,1123.282649984922,1123.2826499849218,0.0,1,461
DEBW522AA00016048,DEBW522AA00016048_PF009,303.8388595141659,309.14660000847516,309.14660000847505,0.0,1,124
DEBW522AA00023026,DEBW522AA00023026_PF001,265.52800309382326,288.7054999961915,288.7054999961916,0.0,1,119
DEBW522AA000241ff,DEBW522AA000241ff_PF001,45.429493698184686,51.44569999853535,51.44569999853534,0.0,1,15
DEBW522AA000241ff,DEBW522AA000241ff_PF002,35.04970301610649,39.8463999974179,39.8463999974179,0.0,1,12
DEBW522AA000241ff,DEBW522AA000241ff_PF003,521.7950955058368,544.7934000027475,544.7934000027474,0.0,1,242
DEBW522AA000241ff,DEBW522AA000241ff_PF004,30.88539824247114,37.81520000151028,37.815200001510284,0.0,1,10
DEBW522AA000241ff,DEBW522AA000241ff_PF005,217.91644700951338,234.86844998962763,234.86844998962775,0.0,2,67
DEBW522AA0002496d,DEBW522AA0002496d_PF001,486.81548503456963,507.881349995621,507.8813499956208,0.0,1,216
DEBW522AA0002496d,DEBW522AA0002496d_PF002,195.55359835899804,202.4103176062726,200.39024999900656,8.101512614418768,1,83
DEBW522AA0002496d,DEBW522AA0002496d_PF003,273.6097635097389,288.8962274607748,285.7957999965706,8.401689980820427,1,122
DEBW522AA0002574d,DEBW522AA0002574d_PF001,530.9684955827003,552.249749998384,552.2497499983839,0.0,1,236
DEBW522AA0002574d,DEBW522AA0002574d_PF002,1.3457932734528977,1.6731584677942113,0.20100000031501986,83.10027487759884,2,0
DEBW522AA0002574d,DEBW522AA0002574d_PF003,0.8328387856495847,1.0418059404939044,0.3694000000041211,69.2325030742344,1,0
DEBW522AA0002574d,DEBW522AA0002574d_PF004,0.838793367506524,1.0510702854192335,0.9923000000979985,19.250647474912945,2,0
DEBW522AA0002574d,DEBW522AA0002574d_PF005,0.8422454935945642,1.052759323280965,1.04609999973604,6.447885795267925,1,0
DEBW522AA0002574d,DEBW522AA0002574d_PF006,0.8339641745877824,1.0451158632359985,0.925799999817554,27.645572452864656,2,0
DEBW522AA0002574d,DEBW522AA0002574d_PF007,0.8282543202235468,1.0352152572160807,1.0049999994767131,13.877060315457344,1,0
DEBW522AA0002574d,DEBW522AA0002574d_PF008,0.8273408505899361,1.0376280874158503,0.5903000001233769,55.326889420882196,2,0
DEBW522AA0002574d,DEBW522AA0002574d_PF009,0.8316028703881491,1.0389309566229654,0.7771000000248663,41.58426392050987,2,0
DEBW522AA0002574d,DEBW522AA0002574d_PF010,1.3935026775218315,1.7448591012799703,0.1942999998555053,83.6065285950823,2,0
DEBW522AA0002574d,DEBW522AA0002574d_PF011,0.8280877390868607,1.0324809285157597,0.34185000019494916,70.66470622867912,2,0
DEBW522AA0002574d,DEBW522AA0002574d_PF012,1.39511602020962,1.7448663624507394,0.19429999985550528,83.60655531216398,2,0
DEBW522AA0002574d,DEBW522AA0002574d_PF013,0.8376320731343776,1.050704717406543,0.7438500001916895,44.93135685682248,2,0
DEBW522AA0002574d,DEBW522AA0002574d_PF014,0.8369431205404227,1.0458939622648113,0.8847000000692904,32.233737066599915,2,0
DEBW522AA0002574d,DEBW522AA0002574d_PF015,0.8490061842392713,1.062028795576051,0.5643999998015584,57.89749034845831,2,0
DEBW522AA0002574d,DEBW522AA0002574d_PF016,0.8256478080220038,1.0360649866417866,0.9179499998719083,27.625592815771622,2,0
DEBW522AA0002574d,DEBW522AA0002574d_PF017,0.8392972694063485,1.0494277806541805,0.7849500004219123,41.584380590001004,2,0
DEBW522AA0002574d,DEBW522AA0002574d_PF018,0.8269932367661945,1.034603093072868,0.5880500001736102,55.36251027030682,2,0
DEBW522AA0002574d,DEBW522AA0002574d_PF019,0.8387408831114191,1.0477317570289473,0.371499999957101,69.2325706764309,1,0
DEBW522AA0002574d,DEBW522AA0002574d_PF020,0.8299880188502244,1.0372568139917906,0.9179499998719083,27.75112194821917,1,0
DEBW522AA0002574d,DEBW522AA0002574d_PF021,0.8323299331379861,1.0429431872077002,1.0128499999139224,13.797208638883943,1,0
DEBW522AA0002574d,DEBW522AA0002574d_PF022,0.8263532867429618,1.0337010684776895,1.0337000005490962,0.08235904316614498,1,0
DEBW522AA0002574d,DEBW522AA0002574d_PF023,0.8333519761981306,1.0433016061104556,1.0128499999348775,13.877135605706188,2,0
DEBW522AA0002574d,DEBW522AA0002574d_PF024,0.8249618612491779,1.0317888021903037,0.7721000000202097,41.55562622595898,2,0
DEBW522AA0002574d,DEBW522AA0002574d_PF025,0.8297393767317297,1.0369460796238676,0.9179499998719083,27.71847210745994,1,0
DEBW522AA0002574d,DEBW522AA0002574d_PF026,0.8326530797134555,1.0433481020187307,1.012849999985227,13.887467064714565,2,0
DEBW522AA0002574d,DEBW522AA0002574d_PF027,0.8335181050410757,1.0415999998231187,1.0415999998231187,0.0,1,0
DEBW522AA0002574d,DEBW522AA0002574d_PF028,1.3555500537307295,1.6934551559782545,0.2054999997954583,83.03000538940745,2,0
DEBW522AA0002574d,DEBW522AA0002574d_PF029,1.3249359468398927,1.669678021547564,0.2010000001729932,83.08582224572893,2,0
DEBW522AA0002574d,DEBW522AA0002574d_PF030,0.8339604413963975,1.0432078733510475,0.3693999998085433,69.26169906006528,1,0
DEBW522AA0002574d,DEBW522AA0002574d_PF031,0.8406535935943806,1.051581105349847,0.5976999998467043,55.362510309510405,2,0
DEBW522AA0002574d,DEBW522AA0002574d_PF032,0.8291640588851464,1.0384156032426155,0.9192500004802714,27.71857720260334,2,0
DEBW522AA0002574d,DEBW522AA0002574d_PF033,0.8206237067485233,1.0276602324543844,0.9979500000313971,13.810766345724714,1,0
DEBW522AA0002574d,DEBW522AA0002574d_PF034,0.8369177729986896,1.0460999998245155,1.0460999998245155,0.0,1,0
DEBW522AA0002574d,DEBW522AA0002574d_PF035,0.8261432688937764,1.035215706665506,1.0049999994563403,13.8771610100736,2,0
DEBW522AA0002574d,DEBW522AA0002574d_PF036,0.8366676933268518,1.045428475581775,0.925799999817554,27.678263740275778,2,0
DEBW522AA0002574d,DEBW522AA0002574d_PF037,0.825197572146282,1.0322505161001876,0.7721000000359257,41.584528298786914,1,0
DEBW522AA0002574d,DEBW522AA0002574d_PF038,0.8280890673850274,1.0385664804761356,0.5903000001233769,55.36269258295445,2,0
DEBW522AA0002574d,DEBW522AA0002574d_PF039,0.8318416508471018,1.0414803351282147,0.3681000003026333,69.30218175741466,2,0
DEBW522AA0002574d,DEBW522AA0002574d_PF040,0.8327653134235616,1.0420613622298687,0.780000000432483,41.537974776854455,2,0
DEBW522AA0002574d,DEBW522AA0002574d_PF041,0.8381956005372436,1.0491528336460545,0.5954500001827372,55.42022458501283,2,0
DEBW522AA0002574d,DEBW522AA0002574d_PF042,0.8398931710723896,1.0491411527292587,0.371499999957101,69.26175597258245,1,0
DEBW522AA0002574d,DEBW522AA0002574d_PF043,1.330978107018332,1.6572144924750885,0.19949999978893895,83.08580865288712,2,0
DEBW522AA0002574d,DEBW522AA0002574d_PF044,1.3402389865490234,1.6667123227149245,0.20099999985692552,83.07345914034784,2,0
DEBW522AA0002574d,DEBW522AA0002574d_PF045,0.8355219840011193,1.0451612535578358,0.3693999998085434,69.30223927232493,2,0
DEBW522AA0002574d,DEBW522AA0002574d_PF046,0.8273444467093783,1.0376325977316851,0.5902999998544576,55.32706171606392,2,0
DEBW522AA0002574d,DEBW522AA0002574d_PF047,0.8307464438680888,1.0379443592838995,0.7770999999957625,41.52285156860725,2,0
DEBW522AA0002574d,DEBW522AA0002574d_PF048,0.830202604062704,1.0376502996050185,0.9795999994416256,19.255736302881754,2,0
DEBW522AA0002574d,DEBW522AA0002574d_PF049,0.8245472229597957,1.0321395745958577,1.0255499999925843,6.477813409227975,1,0
DEBW522AA0002574d,DEBW522AA0002574d_PF050,0.8248411237959339,1.0342418395809796,0.7311500000367757,45.01327165513263,1,0
DEBW522AA0002574d,DEBW522AA0002574d_PF051,0.8227558841393164,1.0300360262098145,0.8720000002237502,32.15920842235052,1,0
DEBW522AA0002574d,DEBW522AA0002574d_PF052,0.8073628091026722,1.0195277402405423,0.3361000001877314,70.75171187646268,1,0
DEBW522AA0002574d,DEBW522AA0002574d_PF053,0.8286351733434107,1.0472708683634377,0.5570500003082445,57.86565166832629,1,0
DEBW522AA0002574d,DEBW522AA0002574d_PF054,373.3324947021863,384.66040000696586,384.6604000069659,0.0,1,164
DEBW522AA0002574d,DEBW522AA0002574d_PF055,1.2071990882908077,1.4695538962824837,0.16375000008672935,83.60233842413862,2,0
DEBW522AA0002574d,DEBW522AA0002574d_PF056,1.350796537153658,1.6788097363444343,0.1882999998449115,83.5599934487153,1,0
DEBW522AA0002574d,DEBW522AA0002574d_PF057,1.3352383796284415,1.6593359467957502,0.20099999985692552,83.04251614759484,2,0
DEBW522AA0002574d,DEBW522AA0002574d_PF058,0.8266821735371713,1.0312472382727782,0.5491999999600928,57.82148011191517,1,0
DEBW522AA0002574d,DEBW522AA0002574d_PF059,0.8248752895243959,1.036981483984212,0.34185000000635635,70.75193683629556,1,0
DEBW522AA0002574d,DEBW522AA0002574d_PF060,0.8250199562282828,1.0300359453384775,0.8720000000572763,32.15920128500703,1,0
DEBW522AA0002574d,DEBW522AA0002574d_PF061,0.8249842299234877,1.0342409390752452,0.7311500002090703,45.013221777721064,1,0
DEBW522AA0002574d,DEBW522AA0002574d_PF062,0.8214518782896474,1.02756033086244,1.0209999999419088,6.477809437643486,1,0
DEBW522AA0002574d,DEBW522AA0002574d_PF063,0.8304689069650704,1.037805813957419,0.979800000163191,19.246830498285924,2,0
DEBW522AA0002574d,DEBW522AA0002574d_PF064,252.88617215365983,256.6859661143673,249.79604999753073,13.30515041575216,4,108
DEBW522AA0002574d,DEBW522AA0002574d_PF065,639.2649366129,693.2893499861199,693.2893499861202,0.0,2,288
DEBW522AA0002574d,DEBW522AA0002574d_PF066,238.43630908912047,262.2428000020182,262.2428000020183,0.0,1,92
DEBW522AA0002574d,DEBW522AA0002574d_PF067,170.8842651594491,180.98830000363017,180.98830000363014,0.0,1,69
DEBW522AA0002574d,DEBW522AA0002574d_PF068,0.8425875098019566,1.0526602742686357,0.7438499996282393,45.037952907580795,1,0
DEBW522AA0002574d,DEBW522AA0002574d_PF069,0.8325295660322277,1.045207740917359,0.8847000000692905,32.17403085740569,2,0
DEBW522AA0002574d,DEBW522AA0002574d_PF070,0.8402060851074716,1.0519653198790184,0.34760000001590236,70.70517516152641,2,0
DEBW522AA0002574d,DEBW522AA0002574d_PF071,0.8365038021849456,1.049258952296559,0.5570500000148778,57.933817275693436,2,0
DEBW522AA0002574d,DEBW522AA0002574d_PF072,117.9266499943572,117.92664999435719,117.92664999435722,0.0,1,37
DEBW522AA0002574d,DEBW522AA0002574d_PF073,1748.5499904412718,1774.2840000127571,1774.2840000127571,0.0,1,787
DEBW522AA0002574d,DEBW522AA0002574d_PF074,0.8395216536417087,1.0511609589775142,0.9923000000979985,19.26479469550824,1,0
DEBW522AA0002574d,DEBW522AA0002574d_PF075,0.8402066397090475,1.0527704962033537,1.0460999998245155,6.4532640133233885,1,0
DEBW522AA0002574d,DEBW522AA0002574d_PF076,111.87384120568869,111.87384120568868,102.56510000551302,23.538415977139838,1,42
DEBW522AA0002574d,DEBW522AA0002574d_PF077,103.65075334607222,111.71425258431671,102.4155999966504,23.542512814751127,1,38
DEBW522AA0002574d,DEBW522AA0002574d_PF078,494.02139297681356,501.76874999689494,501.7687499968949,0.0,1,226
DEBW522AA0002574d,DEBW522AA0002574d_PF079,252.64674709948588,256.6828645562022,249.79219999400783,13.305957076637402,4,108
DEBW522AA00027308,DEBW522AA00027308_PF001,500.88504579471805,524.8435999987238,524.8435999987238,0.0,5,210
DEBW522AA00027308,DEBW522AA00027308_PF002,500.885045794718,524.8435999987239,524.8435999987238,0.0,6,213
DEBW522AA00027308,DEBW522AA00027308_PF003,2896.8241038340116,2963.699900009167,2963.6999000091673,0.0,1,1400
DEBW522AA00027308,DEBW522AA00027308_PF004,1181.145278270805,1211.198200002062,1211.198200002062,0.0,1,533
DEBW522AA00027308,DEBW522AA00027308_PF005,1181.145278270805,1211.1409000025321,1211.140900002532,0.0,1,534
DEBW522AA00027856,DEBW522AA00027856_PF001,440.06720264865834,468.23349999858215,468.23349999858215,0.0,1,198
DEBW522AA000330e9,DEBW522AA000330e9_PF001,34.819149999251316,34.819149999251316,34.819149999251316,0.0,1,13
DEBW522AA000330e9,DEBW522AA000330e9_PF002,253.33617725135397,253.33617725135397,252.56349999236326,4.476087155783594,1,120
DEBW522AA000330e9,DEBW522AA000330e9_PF003,253.35728979438733,253.35728979438733,252.58455001324373,4.476081733399058,1,120
DEBW522AA000330e9,DEBW522AA000330e9_PF004,182.83131225179352,188.5101000016309,188.51010000163086,0.0,1,73
DEBW522AA000330e9,DEBW522AA000330e9_PF005,143.54710762911216,149.05809999646644,149.05809999646647,0.0,1,61
DEBW522AA000330e9,DEBW522AA000330e9_PF006,244.27194437490527,255.50745000228804,255.507450002288,0.0,1,106
DEBW522AA000330e9,DEBW522AA000330e9_PF007,118.26985426939001,127.39199999612335,127.3919999961233,0.0,1,47
DEBW522AA000330e9,DEBW522AA000330e9_PF008,336.36128918594824,353.02195000005435,353.02195000005423,0.0,1,160
DEBW522AA000330e9,DEBW522AA000330e9_PF009,192.18861405791623,198.17429999802718,198.17429999802718,0.0,1,87
DEBW522AA000330e9,DEBW522AA000330e9_PF010,360.079905603874,369.1047500028293,369.1047500028293,0.0,1,170
DEBW522AA00034018,DEBW522AA00034018_PF001,20.704380304782763,25.674149998146834,25.67414999814683,0.0,1,6
DEBW522AA00034018,DEBW522AA00034018_PF002,10.62326749482354,13.571749999054475,13.571749999054475,0.0,1,3
DEBW522AA00034018,DEBW522AA00034018_PF003,42.09942894605604,46.76145000212757,46.76145000212757,0.0,1,15
DEBW522AA0003e07e,DEBW522AA0003e07e_PF001,201.66939555919274,219.69770000244716,219.6977000024471,0.0,1,84
DEBW522AA0003e900,DEBW522AA0003e900_PF001,532.3113984706739,570.1791999981559,570.1791999981558,0.0,2,226
DEBW522AA0003f70d,DEBW522AA0003f70d_PF001,67.78993465657865,76.002400002625,76.00240000262497,0.0,1,25
DEBW522AA0003f70d,DEBW522AA0003f70d_PF002,13.752035206716819,18.66590000437773,18.665900004377725,0.0,1,0
DEBW522AA0003f70d,DEBW522AA0003f70d_PF003,192.9933596568688,201.39354999690414,201.39354999690414,0.0,1,84
DEBW522AA00040850,DEBW522AA00040850_PF001,4.123119335200462,11.842800003489526,11.842800003489529,0.0,2,0
DEBW522AA00040850,DEBW522AA00040850_PF002,18.82937528402877,19.94325000054098,19.943250000540978,0.0,1,5
DEBW522AA00040850,DEBW522AA00040850_PF003,1.1311558332359835,12.217050007413647,12.217050007413706,0.0,1,0
DEBW522AA00040850,DEBW522AA00040850_PF004,158.85340211060125,158.958499994794,158.958499994794,0.0,1,72
DEBW522AA00040850,DEBW522AA00040850_PF005,755.4078999996112,755.4078999996113,755.4078999996113,0.0,1,344
DEBW522AA00040850,DEBW522AA00040850_PF006,21.97566059769383,55.01610000760354,55.01610000760354,0.0,2,0
DEBW522AA00042048,DEBW522AA00042048_PF001,485.8716885136681,515.7208999936278,515.720899993628,0.0,1,215
DEBW522AA0004292e,DEBW522AA0004292e_PF001,73.96418143602332,120.12493411890785,20.857100002760347,80.00115070839198,2,28
DEBW522AA0004292e,DEBW522AA0004292e_PF002,99.640972923482,101.43779955527523,99.89494999059386,10.005793008266732,4,37
DEBW522AA0004292e,DEBW522AA0004292e_PF003,727.2772767697038,739.9226999854781,739.9226999854782,0.0,1,331
DEBW522AA0004292e,DEBW522AA0004292e_PF004,294.9395496968566,321.65674997620465,321.6567499762045,0.0,1,110
DEBW522AA0004292e,DEBW522AA0004292e_PF005,119.1862325630425,144.1075499906743,144.10754999067444,0.0,1,37
DEBW522AA0004292e,DEBW522AA0004292e_PF006,70.7505045264096,74.34884999998738,74.34884999998738,0.0,1,30
DEBW522AA0004292e,DEBW522AA0004292e_PF007,38.232794469417534,40.24039999840643,40.24039999840644,0.0,1,15
DEBW522AA00043753,DEBW522AA00043753_PF001,3.6661314155399785,3.6661314155399785,2.9259999995757826,37.0493834321305,1,0
DEBW522AA00043753,DEBW522AA00043753_PF002,3.5483625020636747,3.5483625020636747,2.791600000071665,38.11911810629422,1,0
DEBW522AA00043753,DEBW522AA00043753_PF003,33.83382896901819,37.82663616614661,32.20119999892015,31.648429148415342,1,11
DEBW522AA00043753,DEBW522AA00043753_PF004,72.22849404627743,72.33711739894359,62.383700001961216,30.41260183363171,1,23
DEBW522AA00043753,DEBW522AA00043753_PF005,81.57600417201189,90.9078091824892,90.90410000328036,0.5175799203830049,3,28
DEBW522AA00043753,DEBW522AA00043753_PF006,214.53197709399242,230.24389561780634,193.86934998918616,32.64623830835206,1,92
DEBW522AA00043753,DEBW522AA00043753_PF007,4.485579041593235,4.527479280593166,4.044749999776016,26.699167730330508,1,1
DEBW522AA00043753,DEBW522AA00043753_PF008,20.845537195807044,25.540440765794568,16.444299999185827,49.92023721997948,1,6
DEBW522AA00043753,DEBW522AA00043753_PF009,190.2828943755104,193.02158614179098,193.02050000145556,0.19221083480495108,1,83
DEBW522AA00043753,DEBW522AA00043753_PF010,132.10917362803286,136.86509325312988,116.08679999871578,31.98528880414674,1,49
DEBW522AA00043753,DEBW522AA00043753_PF011,4.081805100786988,4.132722774198074,3.534300000209117,31.218283857837108,1,0
DEBW522AA00043753,DEBW522AA00043753_PF012,54.948372649535706,59.83617951039866,51.065100004554644,31.414917914361343,1,19
DEBW522AA00043753,DEBW522AA00043753_PF013,176.22354432609447,188.24846252817918,161.25430000151906,31.06265859978171,1,76
DEBW522AA00043753,DEBW522AA00043753_PF014,5.737102833386643,5.796824282908044,3.7600499997314647,49.560885300208085,1,1
DEBW522AA00043753,DEBW522AA00043753_PF015,60.75823991720117,65.692850933499,57.01185000280469,29.78970821504727,1,22
DEBW522AA00043753,DEBW522AA00043753_PF016,39.34335938791464,43.582081850413914,37.910199998565844,29.557917733868255,1,13
DEBW522AA00043753,DEBW522AA00043753_PF017,128.30893409005378,133.02924958275457,114.04405000833006,30.98684559071405,1,52
DEBW522AA00043753,DEBW522AA00043753_PF018,23.785628889003757,24.015796345869322,15.953699998852052,48.37133360664012,1,7
DEBW522AA00043753,DEBW522AA00043753_PF019,6.352937422432137,7.809545750187119,4.4327999998905465,55.41605709711333,1,1
DEBW522AA00043ffc,DEBW522AA00043ffc_PF001,1826.3001930611356,1828.587323416706,1728.9168999575463,19.004463341317496,1,864
DEBW522AA00043ffc,DEBW522AA00043ffc_PF002,1780.0160952963724,1837.6231917273371,1737.4500000437947,19.005444922462072,1,864
DEBW522AA00043ffc,DEBW522AA00043ffc_PF003,0.8343575867639942,0.8343575867639942,0.05175000006059417,86.44401751905258,1,0
DEBW522AA00043ffc,DEBW522AA00043ffc_PF004,0.8177816807291676,0.8177816807291676,0.2572499997105333,71.66511222022078,1,0
DEBW522AA00043ffc,DEBW522AA00043ffc_PF005,0.8520785744277488,0.8520785744277487,0.05285000000472646,86.44395839703326,1,0
DEBW522AA00043ffc,DEBW522AA00043ffc_PF006,0.6488548601449317,0.6488548601449317,0.06630000007518103,84.13528062213219,1,0
DEBW522AA00043ffc,DEBW522AA00043ffc_PF007,0.8520770820627465,0.8520770820627466,0.05284999999861466,86.44395216122915,1,0
DEBW522AA00043ffc,DEBW522AA00043ffc_PF008,0.6661165881078636,0.6661165881078636,0.0668499999464024,84.24022504322576,1,0
DEBW522AA00043ffc,DEBW522AA00043ffc_PF009,0.8355037478280786,0.8355037478280786,0.2632000013418264,71.6380069493665,1,0
DEBW522AA00043ffc,DEBW522AA00043ffc_PF010,0.857736704304902,0.8577367043049021,0.05320000001876615,86.44402159942854,1,0
DEBW522AA00043ffc,DEBW522AA00043ffc_PF011,0.6527405889018486,0.6527405889018486,0.5089499993161414,38.76573988832199,1,0
DEBW522AA00043ffc,DEBW522AA00043ffc_PF012,0.8246026994316239,0.8246026994316239,0.2594000008277595,71.66479674799453,1,0
DEBW522AA00043ffc,DEBW522AA00043ffc_PF013,0.6554501762640459,0.6554501762640459,0.5108999999469611,38.78844844572513,1,0
DEBW522AA00043ffc,DEBW522AA00043ffc_PF014,0.2760708476138013,0.27607084761380135,0.18060000016875566,49.14250496721947,1,0
DEBW522AA00043ffc,DEBW522AA00043ffc_PF015,0.8264530419590884,0.8264530419590883,0.2603499999191612,71.63792311222667,1,0
DEBW522AA00043ffc,DEBW522AA00043ffc_PF016,0.2711069693550171,0.27110696935501705,0.11824999994609971,64.13993481003351,1,0
DEBW522AA00043ffc,DEBW522AA00043ffc_PF017,0.20225906349217296,0.20225906349217296,0.11344999987662303,55.88094910267618,1,0
DEBW522AA00043ffc,DEBW522AA00043ffc_PF018,63.55855000092513,63.55855000092512,63.55855000092513,0.0,2,23
DEBW522AA00043ffc,DEBW522AA00043ffc_PF019,0.33946125190737564,0.3394612519073756,0.32069999991399234,19.137897376871248,1,0
DEBW522AA00043ffc,DEBW522AA00043ffc_PF020,0.30521880747857466,0.3052188074785746,0.2883499999142718,19.137930393202947,1,0
DEBW522AA00043ffc,DEBW522AA00043ffc_PF021,0.3054940931470165,0.3054940931470165,0.3046999999732477,4.132054796697668,1,0
DEBW522AA00043ffc,DEBW522AA00043ffc_PF022,0.30843835450989826,0.30843835450989826,0.30289999982757726,10.8741627183851,1,0
DEBW522AA00043ffc,DEBW522AA00043ffc_PF023,0.30909760904756645,0.30909760904756645,0.27809999993592494,25.87926560739327,1,0
DEBW522AA00043ffc,DEBW522AA00043ffc_PF024,0.3147888970453584,0.3147888970453584,0.23799999978090636,40.88172696742755,1,0
DEBW522AA00043ffc,DEBW522AA00043ffc_PF025,0.3044930275856927,0.3044930275856927,0.09975000015145634,70.87721168975455,1,0
DEBW522AA00043ffc,DEBW522AA00043ffc_PF026,0.3214906625218726,0.32149066252187264,0.060600000004027973,79.13492079187705,1,0
DEBW522AA00043ffc,DEBW522AA00043ffc_PF027,0.3378229525884006,0.33782295258840056,0.2795999997844687,34.141660695244326,1,0
DEBW522AA00043ffc,DEBW522AA00043ffc_PF028,0.33775053485458567,0.3377505348545857,0.22094999993366657,49.142417946883185,1,0
DEBW522AA00043ffc,DEBW522AA00043ffc_PF029,0.3348416510183459,0.33484165101834595,0.14605000004095492,64.13983123368689,1,0
DEBW522AA00043ffc,DEBW522AA00043ffc_PF030,0.34164838924468444,0.34164838924468444,0.06440000000121072,79.13486434097368,1,0
DEBW522AA00043ffc,DEBW522AA00043ffc_PF031,0.3315096673491742,0.3315096673491741,0.10860000008470379,70.87729972903917,1,0
DEBW522AA00043ffc,DEBW522AA00043ffc_PF032,0.33864431139601586,0.3386443113960159,0.18995000000689177,55.88103799465986,1,0
DEBW522AA00043ffc,DEBW522AA00043ffc_PF033,0.3440198068416694,0.34401980684166944,0.26010000020595037,40.88182539983687,1,0
DEBW522AA00043ffc,DEBW522AA00043ffc_PF034,0.33638401296559467,0.33638401296559467,0.30264999982973095,25.879268963827336,1,0
DEBW522AA00043ffc,DEBW522AA00043ffc_PF035,0.3373067356696383,0.3373067356696383,0.331249999848078,10.874178165786978,1,0
DEBW522AA00043ffc,DEBW522AA00043ffc_PF036,0.33807878102526884,0.3380787810252688,0.3371999999755761,4.132026831040872,1,0
DEBW522AA00043ffc,DEBW522AA00043ffc_PF037,0.3056235935111028,0.3056235935111028,0.2529500000925153,34.14170102866574,1,0
DEBW522AA00043ffc,DEBW522AA00043ffc_PF038,151.64830000316948,151.64830000316948,151.64830000316945,0.0,2,48
DEBW522AA00043ffc,DEBW522AA00043ffc_PF039,11.14449048817778,20.99594999869703,20.995949998697085,0.0,2,0
DEBW522AA00043ffc,DEBW522AA00043ffc_PF040,104.93511859202643,145.60475002678123,145.6047500267822,0.0,4,0
DEBW522AA00043ffc,DEBW522AA00043ffc_PF041,1530.6369851912075,1531.1766500028095,1531.1766500028093,0.0,2,725
DEBW522AA00043ffc,DEBW522AA00043ffc_PF042,163.10619737018237,163.10619737018237,161.23424999721774,8.688913116868694,1,70
DEBW522AA00043ffc,DEBW522AA00043ffc_PF043,166.28139999898892,166.28139999898892,166.28139999898892,0.0,1,70
DEBW522AA00043ffc,DEBW522AA00043ffc_PF044,123.06428182913575,128.3424499995782,128.3424499995782,0.0,1,45
DEBW522AA00043ffc,DEBW522AA00043ffc_PF045,0.08760000007352792,0.08760000007352793,0.08760000007352792,0.0,1,0
DEBW522AA00043ffc,DEBW522AA00043ffc_PF046,0.08684999991380613,0.08684999991380611,0.0868499999138061,0.0,1,0
DEBW522AA00043ffc,DEBW522AA00043ffc_PF047,68.32105100101387,76.6587999914334,76.65879999143328,0.0,2,0
DEBW522AA00043ffc,DEBW522AA00043ffc_PF048,0.08790000010872026,0.08790000010872025,0.08790000010872027,0.0,1,0
DEBW522AA00043ffc,DEBW522AA00043ffc_PF049,71.95946484981096,76.73720001986271,76.73720001986271,0.0,2,0
DEBW522AA00043ffc,DEBW522AA00043ffc_PF050,70.76350001805162,72.9532000003488,72.9532000003488,0.0,1,32
DEBW522AA00043ffc,DEBW522AA00043ffc_PF051,492.9341000003543,492.9341000003543,492.93410000035436,0.0,1,224
DEBW522AA00043ffc,DEBW522AA00043ffc_PF052,19.04289999769952,19.042899997699507,19.042899997699493,0.0,1,0
DEBW522AA00043ffc,DEBW522AA00043ffc_PF053,20.641236866384492,41.45804999910723,41.45804999910726,0.0,1,0
DEBW522AA00043ffc,DEBW522AA00043ffc_PF054,340.6075266240021,340.60752662400216,340.35040001121735,2.2264418104820756,1,152
DEBW522AA00043ffc,DEBW522AA00043ffc_PF055,394.97334917295507,394.97334917295507,394.8215999985923,1.5882936809103432,1,182
DEBW522AA00043ffc,DEBW522AA00043ffc_PF056,115.35822930567458,120.45715000026422,120.45715000026419,0.0,1,49
DEBW522AA00043ffc,DEBW522AA00043ffc_PF057,546.5265017489363,563.3335916504279,560.9531500008959,5.269102236652403,1,259
DEBW522AA00043ffc,DEBW522AA00043ffc_PF058,66.05130649533699,66.05130649533699,65.28249999981199,8.750393766505923,1,25
DEBW522AA00043ffc,DEBW522AA00043ffc_PF059,65.57029603119072,66.02474471625573,65.25624999978754,8.750378865220153,1,25
DEBW522AA00043ffc,DEBW522AA00043ffc_PF060,63.002363572521475,66.05128573661014,65.28249999981199,8.750276777529269,1,25
DEBW522AA00043ffc,DEBW522AA00043ffc_PF061,64.02405471152301,65.99691944327009,65.22874999600754,8.750370892587338,1,25
DEBW522AA00043ffc,DEBW522AA00043ffc_PF062,66.02473239450194,66.02473239450194,65.25624999978754,8.750309396233893,1,25
DEBW522AA00043ffc,DEBW522AA00043ffc_PF063,247.53849999408166,247.5384999940817,247.53849999408158,0.0,1,112
DEBW522AA00043ffc,DEBW522AA00043ffc_PF064,65.59504907845253,66.05129521288717,65.28250000481785,8.75033015419462,1,25
DEBW522AA00043ffc,DEBW522AA00043ffc_PF065,1218.1828000024518,1218.1828000024518,1218.1828000024516,0.0,1,580
DEBW522AA00043ffc,DEBW522AA00043ffc_PF066,56.24568320291952,56.24568320291951,55.278549996190804,10.640461170090385,1,21
DEBW522AA00043ffc,DEBW522AA00043ffc_PF067,72.78509999451936,72.78509999451936,72.78509999451936,0.0,1,28
DEBW522AA00043ffc,DEBW522AA00043ffc_PF068,110.33082248776344,110.33082248776344,109.06460000108686,8.688812828691411,1,44
DEBW522AA00043ffc,DEBW522AA00043ffc_PF069,113.37140000310711,113.37140000310713,113.37140000310711,0.0,1,54
DEBW522AA00043ffc,DEBW522AA00043ffc_PF070,72.95865000022712,72.95865000022711,72.95865000022711,0.0,1,32
DEBW522AA00043ffc,DEBW522AA00043ffc_PF071,50.14387933785742,55.75490000288166,55.754900002881676,0.0,1,20
DEBW522AA00043ffc,DEBW522AA00043ffc_PF072,170.35839999775894,170.35839999775894,170.35839999775894,0.0,1,78
DEBW522AA00043ffc,DEBW522AA00043ffc_PF073,0.0892500001077424,0.08925000010774241,0.08925000010774238,0.0,1,0
DEBW522AA00043ffc,DEBW522AA00043ffc_PF074,1605.2147578391905,1608.3785500225836,1608.378550022583,0.0,1,753
