building_id,uid_a,uid_b,overlap_m2,overlap_fraction_smaller,angle_deg,vertical_separation_m,nested_coplanar,removed_uid
DEBW522AA0000c243,S0004,S0005,20.87928147481336,0.2983851448116344,0.0,17.819999999999993,False,
DEBW522AA0000c243,S0005,S0007,49.09498446262628,0.7016148551891982,0.0,24.340000000000032,False,
DEBW522AA0002574d,S0022,S0023,0.09980660794293239,0.9999999999999999,83.1002748688479,6.236749998566438,False,
DEBW522AA0002574d,S0022,S0024,0.10085565513672495,1.0,83.02996024105128,5.684250001041818,False,
DEBW522AA0002574d,S0022,S0025,0.36853452193032266,1.0,69.2325031326332,6.838500035740907,False,
DEBW522AA0002574d,S0022,S0026,0.4958604556438199,0.9999999999999999,19.25064747224864,8.697467839407238,False,
DEBW522AA0002574d,S0022,S0027,0.4957509107434632,1.0000000000000002,19.26474480487917,8.838496377328283,False,
DEBW522AA0002574d,S0022,S0028,1.043826228169265,1.0,6.447884901764275,8.92350429613731,False,
DEBW522AA0002574d,S0022,S0029,0.4605378027617339,0.9999999999999999,27.645572436300863,8.263345125506447,False,
DEBW522AA0002574d,S0022,S0030,0.4606682602367146,0.9999999999999999,27.62549549056821,8.457705525345716,False,
DEBW522AA0002574d,S0022,S0031,1.0091199115252756,1.0,13.877060322805367,8.605499999940207,False,
DEBW522AA0002574d,S0022,S0032,0.29585428329477664,1.0,55.32688935607256,7.287004755490841,False,
DEBW522AA0002574d,S0022,S0033,0.2948914655833518,1.0,55.42005155364362,7.6138983415626456,False,
DEBW522AA0002574d,S0022,S0034,0.38870712601589946,0.9999999999999999,41.58426395378487,7.832014199712717,False,
DEBW522AA0002574d,S0022,S0035,0.3894783167743646,0.9999999999999997,41.5379106111916,8.103985725572699,False,
DEBW522AA0002574d,S0022,S0037,0.1739064845951539,0.9999999999999997,70.66470613486077,7.032659335283228,False,
DEBW522AA0002574d,S0022,S0038,0.09590318508893142,1.0000000000000002,83.60655524210738,6.232499999365842,False,
DEBW522AA0002574d,S0022,S0039,0.09605752741760493,1.0000000000000004,83.59049760264516,5.6595000054254,False,
DEBW522AA0002574d,S0022,S0040,0.03564133178246638,0.3691938236589392,83.56456443189585,6.403929751964654,False,
DEBW522AA0002574d,S0022,S0041,0.37207018075287573,0.9999999999999999,44.931356819111194,7.8830124546209674,False,
DEBW522AA0002574d,S0022,S0042,0.37130462976147466,1.0000000000000002,44.980303024294784,8.173987463641737,False,
DEBW522AA0002574d,S0022,S0043,0.44399983929713394,1.0,32.233737050368035,8.352222926745554,False,
DEBW522AA0002574d,S0022,S0044,0.44493091676551205,0.9999999999999999,32.173994028767034,8.576836286673625,False,
DEBW522AA0002574d,S0022,S0045,0.17361290371845364,0.9999999999999999,70.70509866666274,6.6714597692485995,False,
DEBW522AA0002574d,S0022,S0046,0.2790896729144058,1.0,57.89749039658855,7.312988847984286,False,
DEBW522AA0002574d,S0022,S0047,0.2788560028363137,1.0000000000000002,57.9337584753644,7.650909636262213,False,
DEBW522AA0002574d,S0022,S0048,0.4606668435433248,0.9999999999999999,27.62559277530779,8.263294474775932,False,
DEBW522AA0002574d,S0022,S0049,0.45973925810552047,1.0000000000000002,27.678189548454235,8.457654875122756,False,
DEBW522AA0002574d,S0022,S0050,0.38848478996816344,1.0,41.58438065870519,7.832001013213812,False,
DEBW522AA0002574d,S0022,S0051,0.38925659532672363,1.0,41.53793918071612,8.1039990606738,False,
DEBW522AA0002574d,S0022,S0052,0.29563010983342036,1.0,55.36251032338563,7.28710158849006,False,
DEBW522AA0002574d,S0022,S0053,0.2951151526197615,1.0,55.38453322965928,7.613995217664325,False,
DEBW522AA0002574d,S0022,S0054,0.3687435379768613,1.0,69.23257067374983,6.838499965150049,False,
DEBW522AA0002574d,S0022,S0055,0.9198022487979344,1.0,27.751121939894745,8.359999971602463,False,
DEBW522AA0002574d,S0022,S0056,1.0096914272487296,1.0,13.797208617212025,8.60499998532569,False,
DEBW522AA0002574d,S0022,S0057,1.0391309830921058,0.9999999999999998,0.08235904315729435,8.688500000088396,False,
DEBW522AA0002574d,S0022,S0058,0.5046673716493487,1.0,13.877135576981471,8.55461381871126,False,
DEBW522AA0002574d,S0022,S0059,0.5054813041685114,1.0000000000000002,13.860347344701596,8.656386181304441,False,
DEBW522AA0002574d,S0022,S0060,0.38901431529166103,0.9999999999999999,41.55562619606035,8.103060455887231,False,
DEBW522AA0002574d,S0022,S0061,0.3888430484478962,1.0,41.58433288707781,7.831014261317193,False,
DEBW522AA0002574d,S0022,S0062,0.9205502309522863,0.9999999999999999,27.718472106572094,8.360000028414333,False,
DEBW522AA0002574d,S0022,S0063,0.5044487032286352,0.9999900142460196,13.887467101217469,8.656368044599049,False,
DEBW522AA0002574d,S0022,S0064,0.5045599187256871,1.0,13.87707070831325,8.554608217353547,False,
DEBW522AA0002574d,S0022,S0065,1.039225076191063,0.9999965009988585,0.0,8.688999999999993,False,
DEBW522AA0002574d,S0022,S0066,0.1008906133561932,1.0000000000000004,83.03000537623859,6.23675000066109,False,
DEBW522AA0002574d,S0022,S0067,0.1004407625766166,1.0,83.05686902585454,5.684249997577638,False,
DEBW522AA0002574d,S0022,S0068,0.10022059955058149,1.0,83.08582226288259,6.234249996359978,False,
DEBW522AA0002574d,S0022,S0069,0.09977069869379462,0.9999999999999994,83.11267841969223,5.680750000322831,False,
DEBW522AA0002574d,S0022,S0070,0.3686139524585972,1.0000000000000002,69.2616990282277,6.83700000000556,False,
DEBW522AA0002574d,S0022,S0071,0.29562973366489476,1.0,55.36251027260118,7.612898425383406,False,
DEBW522AA0002574d,S0022,S0072,0.29489110231518195,1.0,55.42010921724535,7.286101671189442,False,
DEBW522AA0002574d,S0022,S0073,0.46053572895589,1.0,27.718577219556902,8.26254428531206,False,
DEBW522AA0002574d,S0022,S0074,0.45986893649141036,1.0,27.73102481826389,8.457506471356737,False,
DEBW522AA0002574d,S0022,S0075,1.0081924132597042,0.999995304081352,13.810765638755033,8.605005598089917,False,
DEBW522AA0002574d,S0022,S0076,1.0404880079118746,0.9999936012972217,0.0,8.687999999999988,False,
DEBW522AA0002574d,S0022,S0077,0.5045573929229406,1.0,13.87716100033338,8.655391802617999,False,
DEBW522AA0002574d,S0022,S0078,0.5044519164529516,1.0000000000000002,13.887551177968877,8.553633885819153,False,
DEBW522AA0002574d,S0022,S0079,0.45990033390404456,1.0,27.678263721919066,8.456654914987752,False,
DEBW522AA0002574d,S0022,S0080,0.46003116693003243,1.0,27.658155921527108,8.262294485103752,False,
DEBW522AA0002574d,S0022,S0081,0.7772404410672707,1.0000000000000002,41.584528337434925,7.966999934458272,False,
DEBW522AA0002574d,S0022,S0082,0.29546030942162177,1.0,55.36269261824933,7.612912051040837,False,
DEBW522AA0002574d,S0022,S0083,0.29472166292925456,1.0,55.420295800713646,7.286087950082617,False,
DEBW522AA0002574d,S0022,S0084,0.18380945091864903,1.0000000000000002,69.30218177274011,6.99999999982964,False,
DEBW522AA0002574d,S0022,S0085,0.18430616082151818,0.9999999999999997,69.26182972595426,6.674000000784389,False,
DEBW522AA0002574d,S0022,S0086,0.38947812406938637,0.9999999999999999,41.53797475449467,8.102985787136845,False,
DEBW522AA0002574d,S0022,S0087,0.3887059896918236,1.0,41.58440336113481,7.831014212810828,False,
DEBW522AA0002574d,S0022,S0088,0.29489014381983264,1.0,55.420224508460805,7.612898328660577,False,
DEBW522AA0002574d,S0022,S0089,0.2956285507030865,1.0,55.36266105462692,7.286101670906078,False,
DEBW522AA0002574d,S0022,S0090,0.3687428950612194,0.9999999999999997,69.26175598573074,6.83700000169398,False,
DEBW522AA0002574d,S0022,S0091,0.10025615748766814,0.9999999999999992,83.08580864279935,6.234250004613841,False,
DEBW522AA0002574d,S0022,S0092,0.09980620554194558,1.0000000000000007,83.11266406444258,5.680750001245457,False,
DEBW522AA0002574d,S0022,S0093,0.10025492032253111,0.999994209480515,83.07345917325652,6.235750003471566,False,
DEBW522AA0002574d,S0022,S0094,0.10085504759225938,1.0,83.03002032152342,5.683250000322403,False,
DEBW522AA0002574d,S0022,S0095,0.18387305640608684,0.9999967085960502,69.30223926766944,7.001006591569933,False,
DEBW522AA0002574d,S0022,S0096,0.18437101480322146,0.9999999987372512,69.26179637966604,6.675007342820663,False,
DEBW522AA0002574d,S0022,S0097,0.2958533431153804,1.0,55.3270617764608,7.287004783441432,False,
DEBW522AA0002574d,S0022,S0098,0.29489074420872274,0.9999999999999998,55.42018884373223,7.613898412513066,False,
DEBW522AA0002574d,S0022,S0099,0.3887052359797391,0.9999999999999999,41.52285156377999,7.831808616301004,False,
DEBW522AA0002574d,S0022,S0100,0.38947676870140335,1.0,41.476452713173984,8.103191458738081,False,
DEBW522AA0002574d,S0022,S0101,0.4868179929028865,0.9995996481610995,19.255736333215,8.786149783658118,False,
DEBW522AA0002574d,S0022,S0102,0.487704643467234,0.999999831956891,19.246853753999336,8.647908879702442,False,
DEBW522AA0002574d,S0022,S0103,1.0254275693091734,0.9997769071707365,6.477813052279229,8.870002619406648,False,
DEBW522AA0002574d,S0022,S0104,0.7298559787061032,0.9996784719881887,45.01327165690743,7.990500000145943,False,
DEBW522AA0002574d,S0022,S0105,0.8739148931891904,0.9995927328123756,32.15920839648098,8.419000000274224,False,
DEBW522AA0002574d,S0022,S0106,0.34042978217558284,0.9995237900806494,70.7517118782212,6.833499944085986,False,
DEBW522AA0002574d,S0022,S0107,0.5496232577762952,0.9996446689382008,57.86565163714852,7.453000000043005,False,
DEBW522AA0002574d,S0022,S0108,384.654414322909,1.0000000000000002,0.0,5.000000000000057,False,
DEBW522AA0002574d,S0022,S0110,0.021284066175724037,0.22443778294770736,83.60233839995011,6.319708227117559,False,
DEBW522AA0002574d,S0022,S0112,0.190922580401297,0.9994548354772628,83.55999347170616,5.941500591687287,False,
DEBW522AA0002574d,S0022,S0113,0.10085476199362414,1.0,83.04251612505792,6.234249995836251,False,
DEBW522AA0002574d,S0022,S0114,0.10025566424791232,1.0000000000000004,83.08585197475936,5.6807499976833356,False,
DEBW522AA0002574d,S0022,S0115,0.5495137332567878,0.99944286579477,57.82148008245109,7.453499967671945,False,
DEBW522AA0002574d,S0022,S0116,0.3404387163371161,0.9995660156582573,70.75193682640736,6.834500560647541,False,
DEBW522AA0002574d,S0022,S0117,0.8738297674034727,0.9994953315403646,32.15920124452167,8.419000052603423,False,
DEBW522AA0002574d,S0022,S0118,0.7296605074361261,0.9994091311422642,45.01322177390998,7.990500000142049,False,
DEBW522AA0002574d,S0022,S0119,1.0254231316057125,0.9997721376792396,6.477809074599113,8.870002626328642,False,
DEBW522AA0002574d,S0022,S0120,0.48746032576913056,0.9994979274067899,19.246830519066997,8.647862984397875,False,
DEBW522AA0002574d,S0022,S0121,0.4870134322860077,1.000000000182159,19.255713098146565,8.786149775240347,False,
DEBW522AA0002574d,S0022,S0122,11.590458364088889,0.06938254375718218,13.305150415191113,24.009221387153303,False,
DEBW522AA0002574d,S0022,S0123,51.31324287533015,0.7188489342549244,13.30330388071461,24.099493066502788,False,
DEBW522AA0002574d,S0022,S0125,82.67723441442247,0.31519145944000043,0.0,15.259999999999962,False,
DEBW522AA0002574d,S0022,S0127,0.7428690663137587,0.9999999999999999,45.037952933971546,8.027999972364228,False,
DEBW522AA0002574d,S0022,S0128,0.4449304391968271,1.0,32.17403083852359,8.576836286740559,False,
DEBW522AA0002574d,S0022,S0129,0.4447909875440957,1.0000000000000002,32.196837261876055,8.35222292718342,False,
DEBW522AA0002574d,S0022,S0130,0.1735135988324294,1.0000000000000002,70.70517524784796,7.017000000021085,False,
DEBW522AA0002574d,S0022,S0131,0.17400488697330502,0.9999999999999997,70.66478323555376,6.685000000681924,False,
DEBW522AA0002574d,S0022,S0132,0.27885556357846947,1.0,57.93381723520707,7.649909636503082,False,
DEBW522AA0002574d,S0022,S0133,0.2790899683086552,1.0000000000000002,57.89749037623608,7.311988848350921,False,
DEBW522AA0002574d,S0022,S0134,117.90552755266333,0.9999985146242122,0.0,9.82000000000005,False,
DEBW522AA0002574d,S0022,S0135,103.19932266525208,0.18686562235617915,0.0,19.070000000000135,False,
DEBW522AA0002574d,S0022,S0136,0.9909351218912987,1.0,19.264794691425024,8.768000000159532,False,
DEBW522AA0002574d,S0022,S0137,1.0426522371769433,1.0,6.453264013719852,8.923500000031652,False,
DEBW522AA0002574d,S0022,S0139,0.2693506382384846,0.04740857961316799,13.33418837041517,21.360292032047397,False,
DEBW522AA0002574d,S0022,S0141,84.29197439180645,0.8225345942775469,23.53841597672843,22.42704197724541,False,
DEBW522AA0002574d,S0022,S0142,39.22111067403619,0.3828832345217251,23.54251281652078,22.642940686641822,False,
DEBW522AA0002574d,S0022,S0144,130.2580845609952,0.26592648078284703,0.0,11.819999999999936,False,
DEBW522AA0002574d,S0022,S0145,25.92337146777421,0.3632364766156059,13.305957075404377,24.26291403287601,False,
DEBW522AA0002574d,S0022,S0146,0.12405998213094996,0.051001597750441656,13.311945710829104,24.219692697345835,False,
DEBW522AA0002574d,S0022,S0147,31.19522971343988,0.1832081867416082,13.303787988808665,23.62998239391399,False,
DEBW522AA0002574d,S0022,S0148,0.35970419874390597,0.0620492319902886,13.319418712107069,21.38575531740051,False,
DEBW522AA0002574d,S0022,S0149,1.4971608945754766,0.9999197295829918,0.0,0.0,True,S0149
DEBW522AA0002574d,S0022,S0150,1.4966043300973761,0.9995085905965561,0.0,0.0,True,S0150
DEBW522AA0002574d,S0022,S0151,1.4969370290634856,0.9996791738400699,0.0,0.0,True,S0151
DEBW522AA0002574d,S0022,S0152,4.490966549511562,0.99999999997041,0.0,5.684341886080802e-14,True,S0152
DEBW522AA0002574d,S0023,S0144,0.09980660794293239,0.9999999999999999,83.1002748688479,5.583250001433498,False,
DEBW522AA0002574d,S0023,S0149,0.05089284978988157,0.5099146322955006,83.1002748688479,5.991668465526857,False,
DEBW522AA0002574d,S0023,S0152,0.0508928498438824,0.5099146328365552,83.1002748688479,5.9916684655268,False,
DEBW522AA0002574d,S0024,S0144,0.10085565513672495,1.0,83.02996024105128,6.135749998958119,False,
DEBW522AA0002574d,S0024,S0149,0.09019909607314675,0.8943385073535872,83.02996024105128,5.597749160788027,False,
DEBW522AA0002574d,S0024,S0152,0.09019909621545108,0.8943385087645576,83.02996024105128,5.59774916078797,False,
DEBW522AA0002574d,S0025,S0144,0.36853452193032266,1.0,69.2325031326332,4.981499964259029,False,
DEBW522AA0002574d,S0026,S0144,0.4958604556438199,0.9999999999999999,19.25064747224864,3.122532160592698,False,
DEBW522AA0002574d,S0027,S0144,0.4957509107434632,1.0000000000000002,19.26474480487917,2.981503622671653,False,
DEBW522AA0002574d,S0028,S0144,1.043826228169265,1.0,6.447884901764275,2.8964957038626267,False,
DEBW522AA0002574d,S0029,S0144,0.4605378027617339,0.9999999999999999,27.645572436300863,3.556654874493489,False,
DEBW522AA0002574d,S0030,S0144,0.4606682602367146,0.9999999999999999,27.62549549056821,3.3622944746542203,False,
DEBW522AA0002574d,S0031,S0144,1.0091199115252756,1.0,13.877060322805367,3.2145000000597292,False,
DEBW522AA0002574d,S0032,S0144,0.29585428329477664,1.0,55.32688935607256,4.532995244509095,False,
DEBW522AA0002574d,S0033,S0144,0.2948914655833518,1.0,55.42005155364362,4.206101658437291,False,
DEBW522AA0002574d,S0034,S0144,0.38870712601589946,0.9999999999999999,41.58426395378487,3.9879858002872197,False,
DEBW522AA0002574d,S0035,S0144,0.3894783167743646,0.9999999999999997,41.5379106111916,3.7160142744272378,False,
DEBW522AA0002574d,S0036,S0144,0.0958697648018749,0.9999999999999997,83.6065285873888,6.174051463079564,False,
DEBW522AA0002574d,S0037,S0144,0.1739064845951539,0.9999999999999997,70.66470613486077,4.787340664716709,False,
DEBW522AA0002574d,S0038,S0144,0.09590318508893142,1.0000000000000002,83.60655524210738,5.587500000634094,False,
DEBW522AA0002574d,S0038,S0149,0.06559985824465586,0.6840216848254296,83.60655524210738,6.074436611985504,False,
DEBW522AA0002574d,S0038,S0152,0.06559985824465586,0.6840216848254296,83.60655524210738,6.074436611985448,False,
DEBW522AA0002574d,S0039,S0144,0.09605752741760493,1.0000000000000004,83.59049760264516,6.160499994574536,False,
DEBW522AA0002574d,S0039,S0149,0.09175268263560099,0.9551847221375082,83.59049760264516,5.601096868237988,False,
DEBW522AA0002574d,S0039,S0152,0.09175268263560099,0.9551847221375082,83.59049760264516,5.601096868237931,False,
DEBW522AA0002574d,S0040,S0144,0.09653826661897733,0.9999999999999997,83.56456443189585,5.571948537572183,False,
DEBW522AA0002574d,S0041,S0144,0.37207018075287573,0.9999999999999999,44.931356819111194,3.936987545378969,False,
DEBW522AA0002574d,S0042,S0144,0.37130462976147466,1.0000000000000002,44.980303024294784,3.6460125363581994,False,
DEBW522AA0002574d,S0043,S0144,0.44399983929713394,1.0,32.233737050368035,3.467777073254382,False,
DEBW522AA0002574d,S0044,S0144,0.44493091676551205,0.9999999999999999,32.173994028767034,3.243163713326311,False,
DEBW522AA0002574d,S0045,S0144,0.17361290371845364,0.9999999999999999,70.70509866666274,5.148540230751337,False,
DEBW522AA0002574d,S0046,S0144,0.2790896729144058,1.0,57.89749039658855,4.50701115201565,False,
DEBW522AA0002574d,S0047,S0144,0.2788560028363137,1.0000000000000002,57.9337584753644,4.169090363737723,False,
DEBW522AA0002574d,S0048,S0144,0.4606668435433248,0.9999999999999999,27.62559277530779,3.556705525224004,False,
DEBW522AA0002574d,S0049,S0144,0.45973925810552047,1.0000000000000002,27.678189548454235,3.36234512487718,False,
DEBW522AA0002574d,S0050,S0144,0.38848478996816344,1.0,41.58438065870519,3.987998986786124,False,
DEBW522AA0002574d,S0051,S0144,0.38925659532672363,1.0,41.53793918071612,3.716000939326136,False,
DEBW522AA0002574d,S0052,S0144,0.29563010983342036,1.0,55.36251032338563,4.532898411509876,False,
DEBW522AA0002574d,S0053,S0144,0.2951151526197615,1.0,55.38453322965928,4.2060047823356115,False,
DEBW522AA0002574d,S0054,S0144,0.3687435379768613,1.0,69.23257067374983,4.981500034849887,False,
DEBW522AA0002574d,S0055,S0144,0.9198022487979344,1.0,27.751121939894745,3.4600000283974737,False,
DEBW522AA0002574d,S0056,S0144,1.0096914272487296,1.0,13.797208617212025,3.2150000146742457,False,
DEBW522AA0002574d,S0057,S0144,1.0391309830921058,0.9999999999999998,0.08235904315729435,3.13149999991154,False,
DEBW522AA0002574d,S0058,S0144,0.5046673716493487,1.0,13.877135576981471,3.265386181288676,False,
DEBW522AA0002574d,S0059,S0144,0.5054813041685114,1.0000000000000002,13.860347344701596,3.163613818695495,False,
DEBW522AA0002574d,S0060,S0144,0.38901431529166103,0.9999999999999999,41.55562619606035,3.716939544112705,False,
DEBW522AA0002574d,S0061,S0144,0.3888430484478962,1.0,41.58433288707781,3.988985738682743,False,
DEBW522AA0002574d,S0062,S0144,0.9205502309522863,0.9999999999999999,27.718472106572094,3.459999971585603,False,
DEBW522AA0002574d,S0063,S0144,0.504453740579583,0.9999999999999998,13.887467101217469,3.1636338801284865,False,
DEBW522AA0002574d,S0064,S0144,0.5045599187256871,1.0,13.87707070831325,3.2653917826463896,False,
DEBW522AA0002574d,S0065,S0144,1.0392287124535144,1.0000000000000002,0.0,3.1309999999999434,False,
DEBW522AA0002574d,S0066,S0144,0.1008906133561932,1.0000000000000004,83.03000537623859,5.583249999338847,False,
DEBW522AA0002574d,S0066,S0151,0.051848092774733706,0.5139040298197476,83.03000537623859,5.994011358730177,False,
DEBW522AA0002574d,S0066,S0152,0.051848092832125686,0.5139040303886011,83.03000537623859,5.99401135873012,False,
DEBW522AA0002574d,S0067,S0144,0.1004407625766166,1.0,83.05686902585454,6.135750002422299,False,
DEBW522AA0002574d,S0067,S0151,0.08993411169550053,0.8953945528529659,83.05686902585454,5.598562461403645,False,
DEBW522AA0002574d,S0067,S0152,0.08993411190895706,0.8953945549781641,83.05686902585454,5.5985624614035885,False,
DEBW522AA0002574d,S0068,S0144,0.10022059955058149,1.0,83.08582226288259,5.5857500036399585,False,
DEBW522AA0002574d,S0068,S0151,0.06331437066207163,0.6317500688081273,83.08582226288259,6.056088475689478,False,
DEBW522AA0002574d,S0068,S0152,0.06331437065700485,0.631750068757571,83.08582226288259,6.056088475689421,False,
DEBW522AA0002574d,S0069,S0144,0.09977069869379462,0.9999999999999994,83.11267841969223,6.139249999677105,False,
DEBW522AA0002574d,S0069,S0151,0.09402475894184581,0.9424085445208349,83.11267841969223,5.6166886643491125,False,
DEBW522AA0002574d,S0069,S0152,0.09402475882549138,0.9424085433546165,83.11267841969223,5.616688664349056,False,
DEBW522AA0002574d,S0070,S0144,0.3686139524585972,1.0000000000000002,69.2616990282277,4.982999999994377,False,
DEBW522AA0002574d,S0071,S0144,0.29562973366489476,1.0,55.36251027260118,4.20710157461653,False,
DEBW522AA0002574d,S0072,S0144,0.29489110231518195,1.0,55.42010921724535,4.533898328810494,False,
DEBW522AA0002574d,S0073,S0144,0.46053572895589,1.0,27.718577219556902,3.557455714687876,False,
DEBW522AA0002574d,S0074,S0144,0.45986893649141036,1.0,27.73102481826389,3.362493528643199,False,
DEBW522AA0002574d,S0075,S0144,1.0081971476714908,1.0,13.810765638755033,3.214994401910019,False,
DEBW522AA0002574d,S0076,S0144,1.0404946657279832,1.0000000000000002,0.0,3.131999999999948,False,
DEBW522AA0002574d,S0077,S0144,0.5045573929229406,1.0,13.87716100033338,3.1646081973819378,False,
DEBW522AA0002574d,S0078,S0144,0.5044519164529516,1.0000000000000002,13.887551177968877,3.2663661141807836,False,
DEBW522AA0002574d,S0079,S0144,0.45990033390404456,1.0,27.678263721919066,3.3633450850121847,False,
DEBW522AA0002574d,S0080,S0144,0.46003116693003243,1.0,27.658155921527108,3.5577055148961847,False,
DEBW522AA0002574d,S0081,S0144,0.7772404410672707,1.0000000000000002,41.584528337434925,3.8530000655416643,False,
DEBW522AA0002574d,S0082,S0144,0.29546030942162177,1.0,55.36269261824933,4.207087948959099,False,
DEBW522AA0002574d,S0083,S0144,0.29472166292925456,1.0,55.420295800713646,4.533912049917319,False,
DEBW522AA0002574d,S0084,S0144,0.18380945091864903,1.0000000000000002,69.30218177274011,4.820000000170296,False,
DEBW522AA0002574d,S0085,S0144,0.18430616082151818,0.9999999999999997,69.26182972595426,5.145999999215547,False,
DEBW522AA0002574d,S0086,S0144,0.38947812406938637,0.9999999999999999,41.53797475449467,3.7170142128630914,False,
DEBW522AA0002574d,S0087,S0144,0.3887059896918236,1.0,41.58440336113481,3.988985787189108,False,
DEBW522AA0002574d,S0088,S0144,0.29489014381983264,1.0,55.420224508460805,4.207101671339359,False,
DEBW522AA0002574d,S0089,S0144,0.2956285507030865,1.0,55.36266105462692,4.533898329093859,False,
DEBW522AA0002574d,S0090,S0144,0.3687428950612194,0.9999999999999997,69.26175598573074,4.9829999983059565,False,
DEBW522AA0002574d,S0091,S0144,0.10025615748766814,0.9999999999999992,83.08580864279935,5.585749995386095,False,
DEBW522AA0002574d,S0092,S0144,0.09980620554194558,1.0000000000000007,83.11266406444258,6.1392499987544795,False,
DEBW522AA0002574d,S0093,S0144,0.10025550085396234,1.0000000000000004,83.07345917325652,5.584249996528371,False,
DEBW522AA0002574d,S0094,S0144,0.10085504759225938,1.0,83.03002032152342,6.136749999677534,False,
DEBW522AA0002574d,S0095,S0144,0.18387366160858293,1.0,69.30223926766944,4.819000001289879,False,
DEBW522AA0002574d,S0096,S0144,0.18437101503603576,1.0000000000000002,69.26179637966604,5.14500000048244,False,
DEBW522AA0002574d,S0097,S0144,0.2958533431153804,1.0,55.3270617764608,4.532995216558504,False,
DEBW522AA0002574d,S0098,S0144,0.29489074420872274,0.9999999999999998,55.42018884373223,4.20610158748687,False,
DEBW522AA0002574d,S0099,S0144,0.3887052359797391,0.9999999999999999,41.52285156377999,3.9881913836989327,False,
DEBW522AA0002574d,S0100,S0144,0.38947676870140335,1.0,41.476452713173984,3.7168085412618552,False,
DEBW522AA0002574d,S0101,S0144,0.48684337818955287,0.9996517726182684,19.255736333215,3.0338502162184966,False,
DEBW522AA0002574d,S0102,S0144,0.48770465284689596,0.9999998511891466,19.246853753999336,3.1720924611413466,False,
DEBW522AA0002574d,S0103,S0144,1.025463939926379,0.9998123679914419,6.477813052279229,2.949997380593288,False,
DEBW522AA0002574d,S0104,S0144,0.7298647549925514,0.9996904928044624,45.01327165690743,3.8295000001833444,False,
DEBW522AA0002574d,S0105,S0144,0.8739319033162376,0.9996121891684958,32.15920839648098,3.4009999997257125,False,
DEBW522AA0002574d,S0106,S0144,0.34043045067656086,0.9995257528426232,70.7517118782212,4.98650005591395,False,
DEBW522AA0002574d,S0107,S0144,0.5496266054850665,0.9996507576893209,57.86565163714852,4.366999999956931,False,
DEBW522AA0002574d,S0108,S0122,11.590458364088889,0.06938254375718218,13.305150415191113,19.009221387153246,False,
DEBW522AA0002574d,S0108,S0123,51.31324287533014,0.7188489342549242,13.30330388071461,19.09949306650273,False,
DEBW522AA0002574d,S0108,S0125,82.67723441442236,0.31519145944000004,0.0,10.259999999999906,False,
DEBW522AA0002574d,S0108,S0135,65.83155062677179,0.17114466434150327,0.0,14.070000000000078,False,
DEBW522AA0002574d,S0108,S0139,0.2693506382384846,0.04740857961316799,13.33418837041517,16.36029203204734,False,
DEBW522AA0002574d,S0108,S0141,84.29197439180642,0.8225345942775466,23.53841597672843,17.427041977245352,False,
DEBW522AA0002574d,S0108,S0142,39.22111067403618,0.38288323452172507,23.54251281652078,17.642940686641765,False,
DEBW522AA0002574d,S0108,S0145,25.92337146777421,0.3632364766156059,13.305957075404377,19.262914032875955,False,
DEBW522AA0002574d,S0108,S0146,0.12405998213094996,0.051001597750441656,13.311945710829104,19.219692697345778,False,
DEBW522AA0002574d,S0108,S0147,31.19522971343988,0.1832081867416082,13.303787988808665,18.629982393913934,False,
DEBW522AA0002574d,S0108,S0148,0.35970419874390597,0.0620492319902886,13.319418712107069,16.385755317400452,False,
DEBW522AA0002574d,S0110,S0124,0.07363996248334687,0.7765240804863492,83.60233839995011,5.782475824670371,False,
DEBW522AA0002574d,S0110,S0144,0.021192849944094153,0.22347591933448452,83.60233839995011,5.500016237624692,False,
DEBW522AA0002574d,S0111,S0124,0.07473572531326239,0.9997568632107714,83.559613774855,6.224250005556996,False,
DEBW522AA0002574d,S0112,S0144,0.1909387436673392,0.9995394480692832,83.55999347170616,5.878499408312649,False,
DEBW522AA0002574d,S0112,S0150,0.1410518182713172,0.7383878927668757,83.55999347170616,5.792486429429459,False,
DEBW522AA0002574d,S0112,S0152,0.14099914387321485,0.7381121491551008,83.55999347170616,5.792478051388855,False,
DEBW522AA0002574d,S0113,S0144,0.10085476199362414,1.0,83.04251612505792,5.585750004163685,False,
DEBW522AA0002574d,S0113,S0150,0.06364732840954879,0.6310790601396933,83.04251612505792,6.055692959862057,False,
DEBW522AA0002574d,S0113,S0152,0.06364732852825838,0.6310790613167284,83.04251612505792,6.055692959862,False,
DEBW522AA0002574d,S0114,S0144,0.10025566424791232,1.0000000000000004,83.08585197475936,6.139250002316601,False,
DEBW522AA0002574d,S0114,S0150,0.09437919474455725,0.9413851621508018,83.08585197475936,5.616424906024378,False,
DEBW522AA0002574d,S0114,S0152,0.094379194601803,0.9413851607268997,83.08585197475936,5.616424906024321,False,
DEBW522AA0002574d,S0115,S0144,0.5495566331573236,0.9995208911414338,57.82148008245109,4.3665000318908085,False,
DEBW522AA0002574d,S0116,S0144,0.3404666956074602,0.9996481659144907,70.75193682640736,4.985499439352395,False,
DEBW522AA0002574d,S0117,S0144,0.873886295759949,0.9995599892465967,32.15920124452167,3.400999947396514,False,
DEBW522AA0002574d,S0118,S0144,0.7297131420494559,0.9994812242768656,45.01322177390998,3.8294999998578874,False,
DEBW522AA0002574d,S0119,S0144,1.025468237524184,0.9998161152716522,6.477809074599113,2.9499973736712946,False,
DEBW522AA0002574d,S0120,S0144,0.48751241581106153,0.9996047338199403,19.246830519066997,3.1721342953196086,False,
DEBW522AA0002574d,S0121,S0144,0.48701343219729387,1.0000000000000002,19.255713098146565,3.0338502163742476,False,
DEBW522AA0002574d,S0125,S0138,5.74477733915966,0.9905779427923218,13.318725261152357,6.099460482929999,False,
DEBW522AA0002574d,S0125,S0139,5.679586224723636,0.9996676357093216,13.33418837041517,6.140688037474376,False,
DEBW522AA0002574d,S0125,S0141,6.6255580619451395,0.06465325734349052,23.53841597672843,6.126391311991711,False,
DEBW522AA0002574d,S0125,S0147,3.1439112245700502,0.01846404979290514,13.303787988808665,6.160109508738628,False,
DEBW522AA0002574d,S0125,S0148,5.418779724429163,0.9347433847019379,13.319418712107069,6.10658596228177,False,
DEBW522AA0002574d,S0126,S0143,0.2553151697555549,0.001410328788059689,0.0,3.9899999999999807,False,
DEBW522AA0002574d,S0127,S0144,0.7428690663137587,0.9999999999999999,45.037952933971546,3.7920000276357086,False,
DEBW522AA0002574d,S0128,S0144,0.4449304391968271,1.0,32.17403083852359,3.243163713259378,False,
DEBW522AA0002574d,S0129,S0144,0.4447909875440957,1.0000000000000002,32.196837261876055,3.467777072816517,False,
DEBW522AA0002574d,S0130,S0144,0.1735135988324294,1.0000000000000002,70.70517524784796,4.8029999999788515,False,
DEBW522AA0002574d,S0131,S0144,0.17400488697330502,0.9999999999999997,70.66478323555376,5.134999999318012,False,
DEBW522AA0002574d,S0132,S0144,0.27885556357846947,1.0,57.93381723520707,4.170090363496854,False,
DEBW522AA0002574d,S0133,S0144,0.2790899683086552,1.0000000000000002,57.89749037623608,4.508011151649015,False,
DEBW522AA0002574d,S0134,S0135,37.36757483883151,0.31692762934502905,0.0,9.250000000000085,False,
DEBW522AA0002574d,S0134,S0144,80.55427182185468,0.6832092934108592,0.0,1.9999999999998863,False,
DEBW522AA0002574d,S0135,S0138,0.05459310895862097,0.009413546665113815,13.318725261152357,2.28632635347617,False,
DEBW522AA0002574d,S0135,S0142,6.623997320482468,0.06466460219874669,23.54251281652078,2.3164011951262182,False,
DEBW522AA0002574d,S0135,S0144,0.03341408086271258,6.82160263784148e-05,0.0,7.250000000000199,False,
DEBW522AA0002574d,S0135,S0146,0.08022569388926054,0.03298113137458986,13.311945710829104,2.305660187491924,False,
DEBW522AA0002574d,S0135,S0147,2.427455007899744,0.014256334525484995,13.303787988808665,2.3240978832999417,False,
DEBW522AA0002574d,S0135,S0148,0.37829506066755125,0.06525616899137979,13.319418712107069,2.2697926655434344,False,
DEBW522AA0002574d,S0136,S0144,0.9909351218912987,1.0,19.264794691425024,3.0519999998404046,False,
DEBW522AA0002574d,S0137,S0144,1.0426522371769433,1.0,6.453264013719852,2.8964999999682846,False,
DEBW522AA0002574d,S0144,S0149,1.4972810819523035,1.0,0.0,11.819999999999936,False,
DEBW522AA0002574d,S0144,S0150,1.4967406459864976,0.9995996292895971,0.0,11.819999999999936,False,
DEBW522AA0002574d,S0144,S0151,1.4968629942364897,0.9996297321646689,0.0,11.819999999999936,False,
DEBW522AA0002574d,S0144,S0152,4.490613544089019,0.9999213965297831,0.0,11.81999999999988,False,
DEBW522AA0002574d,S0149,S0152,1.497160894575683,0.9999197295831296,0.0,5.684341886080802e-14,True,S0149
DEBW522AA0002574d,S0150,S0152,1.4966043299399758,0.9995085904914361,0.0,5.684341886080802e-14,True,S0150
DEBW522AA0002574d,S0151,S0152,1.4969370289981414,0.999679173796432,0.0,5.684341886080802e-14,True,S0151
DEBW522AA0000e41a,S0157,S0162,1.0630346286679,0.9999954670403107,0.0,3.400000000000034,False,
DEBW522AA00043ffc,S0173,S0215,0.061207239138526603,0.005821956393243706,19.004329379011622,36.497520740620075,False,
DEBW522AA00043ffc,S0173,S0217,2.6577180681905386,0.25279784480630435,19.004329379011622,34.82639196133988,False,
DEBW522AA00043ffc,S0173,S0220,1.9721164931283255,0.012231689221505814,20.830165682971483,6.398405326279828,False,
DEBW522AA00043ffc,S0173,S0221,2.034892538520955,0.01224063913306664,19.004329379011622,10.598433663085387,False,
DEBW522AA00043ffc,S0173,S0229,0.9408784489969342,0.0019084762224077696,19.004329379011622,3.2786186508564015,False,
DEBW522AA00043ffc,S0173,S0230,0.17987956245094922,0.009429908553958926,19.004329379011622,2.5383049769775994,False,
DEBW522AA00043ffc,S0173,S0231,0.17985905692252807,0.004356713269660569,19.004329379011622,3.532825707902987,False,
DEBW522AA00043ffc,S0173,S0232,4.997656008658346,0.07828190004573178,19.004329379011622,0.37834739059411504,False,
DEBW522AA00043ffc,S0173,S0239,0.1126498188781024,0.00020084364676821912,19.695069268904053,5.01084032224577,False,
DEBW522AA00043ffc,S0173,S0245,2.2353047012099854,0.009030578560239606,19.004329379011622,6.898071572311579,False,
DEBW522AA00043ffc,S0173,S0250,4.113383225733955,0.05655218654998722,19.004329379011622,5.89838799351287,False,
DEBW522AA00043ffc,S0173,S0256,2.115661905364945,0.01242262711363632,19.004329379011622,9.258317431957323,False,
DEBW522AA00043ffc,S0173,S0258,25.420154487406762,0.015807892812581503,19.004329379011622,6.898140393105365,False,
DEBW522AA00043ffc,S0174,S0217,2.6253436326883346,0.24971844085457146,19.00544484266515,34.715893236118006,False,
DEBW522AA00043ffc,S0175,S0191,0.021545299715070486,0.40443899858795723,86.44401838934175,6.818379836249051,False,
DEBW522AA00043ffc,S0175,S0194,0.03032583760013193,0.5692634380834025,88.1586009183248,4.2345646771291285,False,
DEBW522AA00043ffc,S0175,S0210,0.013547676134174645,0.25431108600763486,82.02468580809565,1.5262561882019554,False,
DEBW522AA00043ffc,S0175,S0211,0.01677829078637398,0.31495477962240276,88.15858041321333,1.6827824613120015,False,
DEBW522AA00043ffc,S0175,S0213,0.03139783983263342,0.5893865978969414,86.44401838934175,6.750951339930168,False,
DEBW522AA00043ffc,S0176,S0191,0.26511883953031523,1.0000000000000004,71.66515574715682,4.499065902653513,False,
DEBW522AA00043ffc,S0176,S0192,0.05469349410127232,0.20629802920896675,67.14055800773988,3.4409804257754217,False,
DEBW522AA00043ffc,S0176,S0195,0.03238765556419314,0.1221627841369974,75.14398216394304,2.822290922637251,False,
DEBW522AA00043ffc,S0176,S0196,0.051516040264095994,0.19431301206418178,80.70679731626636,2.0528857681120485,False,
DEBW522AA00043ffc,S0176,S0197,0.0483277064728845,0.2077874651976071,86.81333606465016,1.2687980204191263,False,
DEBW522AA00043ffc,S0176,S0201,0.05861916957700539,0.22110525861102584,65.37791244769369,3.68768036978355,False,
DEBW522AA00043ffc,S0176,S0202,0.021211794855849946,0.09558520209942406,65.3933118560149,3.6491285140873515,False,
DEBW522AA00043ffc,S0176,S0211,0.015750785288400317,0.05941028301234431,70.49946172878403,3.116789873553955,False,
DEBW522AA00043ffc,S0177,S0191,0.017369230582908752,0.32945427898342033,86.44395864198756,6.102259393351176,False,
DEBW522AA00043ffc,S0177,S0194,0.014780480173796073,0.2803516491673663,84.74488341916756,5.07210929066423,False,
DEBW522AA00043ffc,S0177,S0195,0.01499449511000124,0.284411019337081,89.03057392982907,4.1921133117865,False,
DEBW522AA00043ffc,S0177,S0211,0.02977516962266451,0.564766354664929,84.74488595394867,1.3068140627477192,False,
DEBW522AA00043ffc,S0177,S0213,0.03416887176965732,0.6481047596677263,86.44395864198756,5.9802114693122235,False,
DEBW522AA00043ffc,S0178,S0191,0.06410977867407389,0.9556683163482199,84.13528062788865,6.115437314650251,False,
DEBW522AA00043ffc,S0178,S0195,0.05883294441265532,0.8770078776670013,84.99055664163019,4.2786569449994545,False,
DEBW522AA00043ffc,S0178,S0211,0.06708371259920896,1.0000000000000002,80.00325379308181,2.3142688461961143,False,
DEBW522AA00043ffc,S0179,S0191,0.052956194499089435,0.9940685745065254,86.44395284747688,6.711864316997946,False,
DEBW522AA00043ffc,S0179,S0194,0.030325865218243004,0.5692627631823921,88.15837993225861,4.839530608699192,False,
DEBW522AA00043ffc,S0179,S0210,0.013547712614953623,0.2543112377004844,82.02497709062608,2.0698602530392236,False,
DEBW522AA00043ffc,S0179,S0211,0.0167781316197401,0.31495113158866966,88.15837715674712,1.1274167094164227,False,
DEBW522AA00043ffc,S0180,S0191,0.06554506347833398,0.9992086796571864,84.24022506012582,6.120196228855605,False,
DEBW522AA00043ffc,S0180,S0194,0.06559697169646435,0.9999999999999998,88.37227986414659,3.8019067052059654,False,
DEBW522AA00043ffc,S0180,S0210,0.054617316651473735,0.8326194828658161,73.36604690323446,1.9317802412363108,False,
DEBW522AA00043ffc,S0180,S0211,0.01097965507347279,0.1673805175683832,88.37225189491812,0.5886685099009696,False,
DEBW522AA00043ffc,S0181,S0187,0.03409333778683773,0.1852243566922578,89.75269861091063,0.6251729248815536,False,
DEBW522AA00043ffc,S0181,S0191,0.2518992619673835,0.9448421332566848,71.6379765659362,4.419889397671852,False,
DEBW522AA00043ffc,S0181,S0193,0.04739824559707473,0.17778479830704336,78.08788009560013,2.4523546528685074,False,
DEBW522AA00043ffc,S0181,S0194,0.012322152694421638,0.0462188294923208,72.89300182127582,3.000595329512578,False,
DEBW522AA00043ffc,S0181,S0208,0.04884349225422048,0.19045260047215748,65.15013789563213,3.694950669126854,False,
DEBW522AA00043ffc,S0181,S0209,0.059264295500339376,0.2222928441677833,66.11853392714542,3.591049790654381,False,
DEBW522AA00043ffc,S0181,S0210,0.03859163782453222,0.14475233124232695,68.78665223555421,3.2258474184368993,False,
DEBW522AA00043ffc,S0181,S0212,0.05312013106928106,0.2086466293678212,83.99573487143415,1.536658868812708,False,
DEBW522AA00043ffc,S0181,S0213,0.0147053413961725,0.05515786757972525,71.6379765659362,5.143066884620737,False,
DEBW522AA00043ffc,S0182,S0191,0.05152697716369951,0.9773495628782989,86.44402194081539,6.759405017581344,False,
DEBW522AA00043ffc,S0182,S0194,0.014780442498059662,0.2803513772743365,84.74479749194917,4.623280020532889,False,
DEBW522AA00043ffc,S0182,S0195,0.01499450611407767,0.2844116771999207,89.0301228081171,4.776834432388682,False,
DEBW522AA00043ffc,S0182,S0211,0.029774922522543042,0.5647625596139922,84.74481782192599,1.8964929526296714,False,
DEBW522AA00043ffc,S0183,S0187,0.0867583366058381,0.47134596166500037,87.90823345823684,0.7444979794067876,False,
DEBW522AA00043ffc,S0183,S0191,0.5107996073408604,1.0000000000000002,38.765739781707794,4.556901964905819,False,
DEBW522AA00043ffc,S0183,S0193,0.1957859221075774,0.673770543120448,57.90367018535734,2.5280349478842936,False,
DEBW522AA00043ffc,S0183,S0194,0.05479981962089905,0.17863575817876098,42.89779458572864,3.0346453952286083,False,
DEBW522AA00043ffc,S0183,S0207,0.018159972719752594,0.09543519361471217,17.115298183255423,3.5325982744651014,False,
DEBW522AA00043ffc,S0183,S0208,0.13184965759477002,0.5141137335059757,2.116085662672735,3.5852618688518305,False,
DEBW522AA00043ffc,S0183,S0209,0.18662729803491254,0.6115784296048733,12.886470787350927,3.4871064100256604,False,
DEBW522AA00043ffc,S0183,S0210,0.17416267916852124,0.5229197465966442,27.89156162483848,3.177160801985451,False,
DEBW522AA00043ffc,S0183,S0212,0.1474503938833968,0.579159483673027,72.90744077460586,1.6375231825342667,False,
DEBW522AA00043ffc,S0185,S0190,0.013993811155119414,0.12699280186984443,86.9022954977321,0.3533852291162134,False,
DEBW522AA00043ffc,S0185,S0191,0.24797509471102863,0.935330670978719,71.66479243700438,4.4356640111481624,False,
DEBW522AA00043ffc,S0185,S0192,0.054692495098037294,0.20629316906667722,67.14099522549688,3.445733186635721,False,
DEBW522AA00043ffc,S0185,S0195,0.03238733119131335,0.12216091398082585,75.14316312671194,2.77423883662982,False,
DEBW522AA00043ffc,S0185,S0196,0.051514763771758953,0.19430716871022358,80.70547017099,2.047545194451402,False,
DEBW522AA00043ffc,S0185,S0197,0.048327349015603906,0.20778592829160283,86.81157396701036,1.0263969101093835,False,
DEBW522AA00043ffc,S0185,S0201,0.058618625596380106,0.22110203637508305,65.37894341997952,3.7097588578994873,False,
DEBW522AA00043ffc,S0185,S0202,0.02121170768529051,0.0955848092889336,65.39487591539448,3.6574640325904397,False,
DEBW522AA00043ffc,S0185,S0211,0.015750903654876094,0.05941041499028087,70.499261596271,3.153197126036787,False,
DEBW522AA00043ffc,S0185,S0213,0.017145147858898164,0.06466932765800594,71.66479243700438,5.196399846030204,False,
DEBW522AA00043ffc,S0186,S0190,0.033928085407514866,0.30789486725376125,85.33060258807812,0.5321814325434957,False,
DEBW522AA00043ffc,S0186,S0191,0.5081251370132259,0.9999999999999998,38.7884484748763,4.556943936052107,False,
DEBW522AA00043ffc,S0186,S0192,0.2110286480645808,0.6586111354534784,19.650551100340294,3.35286220411092,False,
DEBW522AA00043ffc,S0186,S0195,0.14845225728582345,0.49148371269634084,49.66261120534535,2.9945249046671165,False,
DEBW522AA00043ffc,S0186,S0196,0.1737152465932444,0.6277063258861372,64.66771411434146,2.140341959754892,False,
DEBW522AA00043ffc,S0186,S0197,0.125088281039428,0.5378235124336388,79.67017533982452,1.2084776346278545,False,
DEBW522AA00043ffc,S0186,S0201,0.1551106656209797,0.5525263355973462,4.646787788554122,3.576971284742058,False,
DEBW522AA00043ffc,S0186,S0202,0.06965853616535993,0.31389730584159814,10.353969467535947,3.555334124951173,False,
DEBW522AA00043ffc,S0186,S0211,0.07232728764290981,0.2138197086193672,34.656421640063506,3.0757221493869906,False,
DEBW522AA00043ffc,S0187,S0188,0.03409321487161574,0.18522368891097274,89.75448181341605,0.5684070064691582,False,
DEBW522AA00043ffc,S0187,S0191,0.18406508947137185,1.0,49.14249367652914,3.3114680770281666,False,
DEBW522AA00043ffc,S0187,S0208,0.17956786247173606,0.9755671919506754,89.97568087922298,4.293672864101211,False,
DEBW522AA00043ffc,S0188,S0191,0.2666024795899622,1.0,71.63793144605538,4.428999951599735,False,
DEBW522AA00043ffc,S0188,S0193,0.04739832224631896,0.17778650190807732,78.08707357264737,2.447715529035463,False,
DEBW522AA00043ffc,S0188,S0194,0.012322038804945548,0.04621877044766047,72.89278829601216,2.9582699353003363,False,
DEBW522AA00043ffc,S0188,S0208,0.04884341196616855,0.19045228740960662,65.15182976084091,3.6898599374721925,False,
DEBW522AA00043ffc,S0188,S0209,0.059265176149095045,0.22229791800978593,66.11956082078291,3.5962882240739305,False,
DEBW522AA00043ffc,S0188,S0210,0.03859111988538498,0.14475154148880606,68.78700168061901,3.2574714726276284,False,
DEBW522AA00043ffc,S0188,S0212,0.05312015641325818,0.20864672891455224,83.9943854947339,1.609388858212128,False,
DEBW522AA00043ffc,S0189,S0191,0.11790567577086004,0.9999999999999999,64.13995291779331,4.016465468899639,False,
DEBW522AA00043ffc,S0189,S0207,0.1179056581742762,0.9999998507571095,59.97900911724729,3.0222784511537952,False,
DEBW522AA00043ffc,S0190,S0191,0.11019373499185996,1.0,55.880948937047016,3.394815075616691,False,
DEBW522AA00043ffc,S0190,S0202,0.11019372389602539,0.9999998993061214,74.97663312055171,4.105873833207852,False,
DEBW522AA00043ffc,S0191,S0192,0.32041463726433916,1.0000000000000002,19.137897374536006,8.267831495390794,False,
DEBW522AA00043ffc,S0191,S0193,0.2905824899984939,1.0,19.1379304036509,2.462760012483159,False,
DEBW522AA00043ffc,S0191,S0194,0.2170952528103305,0.7076843564644372,4.132054804022232,2.318334668115085,False,
DEBW522AA00043ffc,S0191,S0195,0.3011546864507762,0.9970385502980456,10.874162730482842,2.353811499983749,False,
DEBW522AA00043ffc,S0191,S0196,0.2767460505484144,1.0,25.879265639469303,2.5942199000573396,False,
DEBW522AA00043ffc,S0191,S0197,0.23258239580007664,1.0000000000000002,40.88172686495392,3.013815162594028,False,
DEBW522AA00043ffc,S0191,S0198,0.10079565074669225,1.0,70.87721166706149,4.265923094270875,False,
DEBW522AA00043ffc,S0191,S0200,0.05799956349040376,1.0,79.13492075505823,4.6725251001446395,False,
DEBW522AA00043ffc,S0191,S0201,0.2807299048529275,1.0,34.14166068634005,7.890795501161222,False,
DEBW522AA00043ffc,S0191,S0202,0.22191504950511326,1.0,49.14241794240137,7.331993000189129,False,
DEBW522AA00043ffc,S0191,S0203,0.1479771771850427,1.0000000000000002,64.13983117896457,6.629505499933714,False,
DEBW522AA00043ffc,S0191,S0204,0.06395393535729417,1.0,79.13486434834671,5.831207003610359,False,
DEBW522AA00043ffc,S0191,S0206,0.11114340030960929,1.0,70.87729974616099,6.279551239971056,False,
DEBW522AA00043ffc,S0191,S0207,0.19028591059465375,0.9999999999999999,55.88103796496323,7.0314805005390895,False,
DEBW522AA00043ffc,S0191,S0208,0.25646009628186184,0.9999999999999998,40.88182544425517,7.660204107947266,False,
DEBW522AA00043ffc,S0191,S0209,0.3051567697629365,1.0000000000000002,25.879268994383192,8.122875318969704,False,
DEBW522AA00043ffc,S0191,S0210,0.33305814190807786,1.0,10.87417815696589,8.387964461334775,False,
DEBW522AA00043ffc,S0191,S0211,0.2476950124030597,0.7322557931381877,4.132026834813575,8.428053793836227,False,
DEBW522AA00043ffc,S0191,S0212,0.2545937656900083,1.0000000000000002,34.14170099289805,2.8046925002253147,False,
DEBW522AA00043ffc,S0192,S0195,0.10939852687931899,0.3621877843907511,30.012060105008416,5.959303936954825,False,
DEBW522AA00043ffc,S0192,S0196,0.21101584279595892,0.7624890847685051,45.017163014002904,5.666014613071582,False,
DEBW522AA00043ffc,S0193,S0209,0.11868036615476976,0.40842229053576107,45.01719939803305,5.698638192810336,False,
DEBW522AA00043ffc,S0193,S0210,0.1719013737370156,0.5915751280743261,30.012108560580263,5.937990393369432,False,
DEBW522AA00043ffc,S0194,S0210,0.1611565844699922,0.5253361936490311,15.006232960976497,6.107127118686265,False,
DEBW522AA00043ffc,S0194,S0211,0.1456117665265023,0.4746633929300463,2.9612533075669345e-05,6.160391188550818,False,
DEBW522AA00043ffc,S0194,S0213,0.022419869335318504,0.07308400620092531,4.132054804022232,2.301185774625935,False,
DEBW522AA00043ffc,S0195,S0211,0.19265065131808704,0.6378121767517482,15.006189565288055,6.096718482637243,False,
DEBW522AA00043ffc,S0196,S0201,0.06573016009410931,0.23751074302182454,60.02092632580007,5.350869048206334,False,
DEBW522AA00043ffc,S0197,S0201,0.2149995053943741,0.92440145633027,75.0233875512815,4.840282051715917,False,
DEBW522AA00043ffc,S0197,S0202,0.01758248858061108,0.07923071742913025,89.97585519266096,4.380846000246265,False,
DEBW522AA00043ffc,S0198,S0202,0.03176321423086387,0.31512484909381094,59.98037039054141,3.0401277865562406,False,
DEBW522AA00043ffc,S0198,S0203,0.06903224551899106,0.6848732560145354,44.98295715398017,2.4526783989564933,False,
DEBW522AA00043ffc,S0200,S0206,0.014824025675409414,0.25558857314266,29.987779499194083,1.6731070089871878,False,
DEBW522AA00043ffc,S0200,S0207,0.04317549525670572,0.7444106930882206,44.98404128007558,2.184048494815329,False,
DEBW522AA00043ffc,S0208,S0212,0.0681166318184436,0.2675502741939957,75.02352643714867,4.901261401816328,False,
DEBW522AA00043ffc,S0209,S0212,0.18647634556486875,0.7324466294745063,60.020969987275414,5.30394909021652,False,
DEBW522AA00043ffc,S0211,S0213,0.02331459230031953,0.06892446121920004,4.132026834813575,8.461576883423504,False,
DEBW522AA00043ffc,S0215,S0239,4.421552382365519,0.42057255845692343,5.269099156188606,41.742866138375064,False,
DEBW522AA00043ffc,S0223,S0233,0.08792459819334822,1.0,2.2264418102846055,6.041432061591877,False,
DEBW522AA00043ffc,S0224,S0234,0.08792483189577974,1.0,1.588296461848595,5.98349052259141,False,
DEBW522AA00043ffc,S0226,S0234,0.08792484690676222,1.0,1.588296461848595,5.9834905274317975,False,
DEBW522AA00043ffc,S0227,S0255,5.495131692089245,0.1440085268208866,0.0,19.350000000000023,False,
DEBW522AA00043ffc,S0233,S0257,0.08792505797900838,0.9999999999999999,2.2264418102846055,6.04143181339623,False,
DEBW522AA00043ffc,S0248,S0255,13.627931998350817,0.2446874058150812,0.0,19.05000000000001,False,
DEBW522AA000330e9,S0263,S0272,34.804799577302184,0.9999999999999998,4.476081737235468,21.805622394715726,False,
DEBW522AA000330e9,S0264,S0271,0.08989350077152912,0.9999999999999999,4.476087160726141,1.6091395374470494,False,
DEBW522AA000330e9,S0264,S0277,0.08989350077152912,0.9999999999999999,0.0,0.0,True,S0264
DEBW522AA000330e9,S0265,S0272,0.08851994914466511,1.0000000000000002,4.476081737235468,1.2845621584744435,False,
DEBW522AA000330e9,S0265,S0273,0.08851994914466511,1.0000000000000002,0.0,20.420000000000016,False,
DEBW522AA000330e9,S0265,S0277,0.08851994914466511,1.0000000000000002,0.0,0.0,True,S0265
DEBW522AA000330e9,S0266,S0272,0.08990571003094713,1.0,4.476081737235468,1.609135997041733,False,
DEBW522AA000330e9,S0266,S0273,0.08990571003094713,1.0,0.0,20.420000000000016,False,
DEBW522AA000330e9,S0266,S0277,0.08990571003094713,1.0,0.0,0.0,True,S0266
DEBW522AA000330e9,S0267,S0271,0.08993439585327309,1.0,4.476087160726141,1.2845248233053326,False,
DEBW522AA000330e9,S0267,S0277,0.08993439585327309,1.0,0.0,0.0,True,S0267
DEBW522AA000330e9,S0268,S0272,0.08991511489328666,1.0000000000000002,4.476081737235468,0.8691426686631871,False,
DEBW522AA000330e9,S0268,S0275,0.08991511489328666,1.0000000000000002,0.0,0.0,True,S0268
DEBW522AA000330e9,S0269,S0271,0.08992504300625342,1.0,4.476087160726141,0.8691486433451132,False,
DEBW522AA000330e9,S0269,S0279,0.08992504300625342,1.0,0.0,0.0,True,S0269
DEBW522AA000330e9,S0270,S0271,0.04497422047643388,0.5002231342583937,4.476087160726141,0.9657786541000632,False,
DEBW522AA000330e9,S0270,S0272,0.04493409722640994,0.4997768657589958,4.476081737235468,0.9657713587708372,False,
DEBW522AA000330e9,S0270,S0273,0.061809883386984996,0.6874768093464703,0.0,20.420000000000016,False,
DEBW522AA000330e9,S0270,S0277,0.08990831770128035,1.0,0.0,0.0,True,S0270
DEBW522AA000330e9,S0271,S0273,0.07529309066368872,0.00039928804059800323,4.476087160726141,21.382560701504417,False,
DEBW522AA000330e9,S0271,S0274,31.742242305124105,0.21292386861112786,4.476087160726141,21.69087709320732,False,
DEBW522AA000330e9,S0271,S0277,13.408971486084713,0.05308563058053772,4.476087160726141,1.3064724327340969,False,
DEBW522AA000330e9,S0271,S0278,31.756459405248208,0.16019920956176723,4.476087160726141,4.610876928968253,False,
DEBW522AA000330e9,S0271,S0279,26.738636919775296,0.10585729138311262,4.476087160726141,0.8808786858259054,False,
DEBW522AA000330e9,S0272,S0273,27.29768325190823,0.1447627977871798,4.476081737235468,22.0408755573618,False,
DEBW522AA000330e9,S0272,S0274,10.25480252593765,0.06878821617820403,4.476081737235468,21.42747114851366,False,
DEBW522AA000330e9,S0272,S0275,26.715985337970693,0.10581540531939213,4.476081737235468,0.8808763650700939,False,
DEBW522AA000330e9,S0272,S0277,13.408924781703227,0.05310943215171505,4.476081737235468,1.2708272691394882,False,
DEBW522AA000330e9,S0272,S0278,31.75582400076976,0.16019600418884136,4.476081737235468,4.610869761286608,False,
DEBW522AA000330e9,S0273,S0275,105.19041236471087,0.5578370242550974,0.0,21.160000000000025,False,
DEBW522AA000330e9,S0273,S0277,83.37682271908315,0.4421570144263593,0.0,20.420000000000016,False,
DEBW522AA000330e9,S0274,S0278,149.07776692235393,0.9999991352813639,0.0,17.079999999999956,False,
DEBW522AA00008bfa,S0283,S0291,0.04347216150510386,0.0001112460059554152,0.0,3.2999999999999545,False,
DEBW522AA00008bfa,S0286,S0291,8.15394703556045,0.1710709988334623,0.0,23.639999999999986,False,
DEBW522AA00008bfa,S0286,S0292,39.51016371891329,0.8289290011317257,0.0,31.140000000000043,False,
DEBW522AA00008bfa,S0286,S0293,47.66411075613302,1.0,0.0,5.0,False,
DEBW522AA00008bfa,S0287,S0290,188.4245382197832,0.41328791349187244,0.0,15.660000000000139,False,
DEBW522AA00008bfa,S0287,S0294,188.4245382197832,0.41328791349187244,0.0,19.59999999999991,False,
DEBW522AA00008bfa,S0289,S0290,17.684580658058355,0.2620653847960527,0.0,10.500000000000057,False,
DEBW522AA00008bfa,S0289,S0294,17.684580658058355,0.2620653847960527,0.0,14.439999999999827,False,
DEBW522AA00008bfa,S0290,S0291,221.28853440009337,0.3409096992336427,0.0,19.700000000000045,False,
DEBW522AA00008bfa,S0290,S0292,221.71422267365207,0.3415655003202178,0.0,27.200000000000102,False,
DEBW522AA00008bfa,S0290,S0294,649.1118759529134,0.9999999999999997,0.0,3.9399999999997704,False,
DEBW522AA00008bfa,S0291,S0293,8.15394703556045,0.1710709988334623,0.0,18.639999999999986,False,
DEBW522AA00008bfa,S0291,S0294,221.28853440009334,0.33929161081547277,0.0,23.639999999999816,False,
DEBW522AA00008bfa,S0292,S0293,39.5101637189133,0.828929001131726,0.0,26.140000000000043,False,
DEBW522AA00008bfa,S0292,S0294,221.71422267365207,0.33994429921811664,0.0,31.139999999999873,False,
DEBW522AA0004292e,S0307,S0308,177.78580440137034,0.5524814874379238,0.0,20.539999999999992,False,
DEBW522AA0004292e,S0308,S0309,144.00923931282495,1.0,0.0,16.54000000000005,False,
DEBW522AA00014ad3,S0317,S0323,0.5990127636713796,0.016641413864509083,0.0,1.4600000000000364,False,
DEBW522AA00014ad3,S0317,S0324,0.5990127636713796,0.9999999999999997,0.0,1.2600000000000477,False,
DEBW522AA00014ad3,S0318,S0319,88.13616388939275,0.9999930758369582,0.0,24.83999999999986,False,
DEBW522AA00014ad3,S0318,S0320,88.13616388939275,0.9999930758369583,0.0,16.999999999999915,False,
DEBW522AA00014ad3,S0318,S0321,17.888605258683288,0.9999999999999996,0.0,24.839999999999918,False,
DEBW522AA00014ad3,S0318,S0322,17.888605258683288,0.9999999999999998,0.0,16.999999999999943,False,
DEBW522AA00014ad3,S0319,S0320,88.13677416278706,1.0000000000000004,0.0,7.839999999999947,False,
DEBW522AA00014ad3,S0321,S0322,17.8886052586833,1.0000000000000004,0.0,7.839999999999975,False,
DEBW522AA00014ad3,S0323,S0324,0.5990127636713796,0.9999999999999997,0.0,0.19999999999998863,False,
DEBW522AA00014ad3,S0325,S0327,55.571496543663166,0.8566876870833523,0.0,17.119999999999948,False,
DEBW522AA00014ad3,S0325,S0329,86.79433400973397,1.0000000000000002,0.0,4.400000000000034,False,
DEBW522AA00014ad3,S0325,S0331,31.222837466070803,0.3597335911647086,0.0,20.299999999999898,False,
DEBW522AA00014ad3,S0326,S0331,92.47445972509547,1.0,0.0,20.29999999999987,False,
DEBW522AA00014ad3,S0326,S0332,92.47445972509547,1.0,0.0,4.560000000000031,False,
DEBW522AA00014ad3,S0327,S0329,55.571496543663166,0.8566876870833523,0.0,21.519999999999982,False,
DEBW522AA00014ad3,S0329,S0331,31.2228374660708,0.35973359116470865,0.0,24.699999999999932,False,
DEBW522AA00014ad3,S0331,S0332,92.47445972509547,1.0,0.0,24.8599999999999,False,
DEBW522AA0000dc32,S0342,S0347,0.9092313914717485,0.027508372747697202,0.0,34.74000000000004,False,
DEBW522AA0000006d,S0350,S0354,66.30699879874697,1.0,0.0,3.499999999999943,False,
DEBW522AA0000006d,S0354,S0371,0.08732050562113969,0.051525531803776795,81.81515237952466,1.4006478025350475,False,
DEBW522AA0000006d,S0354,S0372,0.04172893433735261,0.024711967353683178,81.84391094304148,1.3334458413195307,False,
DEBW522AA0000006d,S0355,S0359,0.10301662019604464,0.061004531635004584,81.84391099443016,3.667655819723109,False,
DEBW522AA0000006d,S0355,S0375,0.010981460144724287,0.00650301700368827,81.84391099443016,0.3386198093959365,False,
DEBW522AA0000006d,S0356,S0365,0.0537730522907715,0.031615483563759324,81.78577944169363,3.653579081007365,False,
DEBW522AA0000006d,S0359,S0360,0.08016592322972799,0.000592399193356252,0.0,3.7399999999999523,False,
DEBW522AA0000006d,S0359,S0381,0.04606217370168588,0.015611412431291334,65.37337754723515,3.16904968309791,False,
DEBW522AA0000006d,S0365,S0366,15.82417583855918,0.3237557389160556,0.0,2.6399999999999864,False,
DEBW522AA0000006d,S0365,S0380,0.11182934415285181,0.02420116298359136,49.15931268598628,2.6011246306301246,False,
DEBW522AA0000006d,S0365,S0382,0.09302071566859933,0.03165728373569537,65.46337073785655,2.987268938575994,False,
DEBW522AA000241ff,S0394,S0399,16.276712303740855,1.0,0.0,20.680000000000007,False,
DEBW522AA000241ff,S0396,S0398,218.5514502650102,0.9999999999999996,0.0,23.839999999999804,False,
DEBW522AA00027308,S0421,S0429,30.5542492584905,0.9999999999999999,0.0,15.800000000000011,False,
DEBW522AA00027308,S0421,S0433,30.5542492584905,1.0000000000000002,0.0,4.939999999999969,False,
DEBW522AA00027308,S0422,S0423,60.39155858561389,1.0000000000000004,0.0,4.9400000000002535,False,
DEBW522AA00027308,S0422,S0429,324.70728317426364,1.0,0.0,15.799999999999756,False,
DEBW522AA00027308,S0422,S0432,264.31572458864986,1.0,0.0,4.94000000000031,False,
DEBW522AA00027308,S0423,S0429,60.391558585613886,1.0000000000000002,0.0,20.74000000000001,False,
DEBW522AA00027308,S0424,S0429,57.9647355127467,0.9999999999999998,0.0,15.80000000000004,False,
DEBW522AA00027308,S0424,S0434,57.9647355127467,0.9999999999999998,0.0,4.939999999999998,False,
DEBW522AA00027308,S0425,S0427,40.710402754692865,1.0000000000000002,0.0,4.939999999999998,False,
DEBW522AA00027308,S0425,S0429,40.710402754692865,1.0000000000000002,0.0,20.740000000000038,False,
DEBW522AA00027308,S0426,S0428,70.71395679856302,0.9999999999999998,0.0,4.939999999999969,False,
DEBW522AA00027308,S0426,S0429,70.71395679856303,1.0,0.0,20.74000000000001,False,
DEBW522AA00027308,S0427,S0429,40.710402754692865,1.0000000000000002,0.0,15.80000000000004,False,
DEBW522AA00027308,S0428,S0429,70.71395679856303,1.0,0.0,15.80000000000004,False,
DEBW522AA00027308,S0429,S0430,1211.2328166835794,1.0000000000000002,0.0,15.79999999999987,False,
DEBW522AA00027308,S0429,S0431,1211.210631927451,1.0000000000000002,0.0,20.740000000000066,False,
DEBW522AA00027308,S0429,S0432,264.31572458864986,1.0,0.0,20.740000000000066,False,
DEBW522AA00027308,S0429,S0433,30.554249258490504,1.0000000000000002,0.0,20.73999999999998,False,
DEBW522AA00027308,S0429,S0434,57.96473551274672,1.0000000000000002,0.0,20.740000000000038,False,
DEBW522AA00027308,S0430,S0431,1211.2106319274508,1.0,0.0,4.940000000000197,False,
DEBW522AA0000ea62,S0443,S0445,0.3811752727422554,0.0019855696683405673,0.0,28.860000000000014,False,
DEBW522AA0000ea62,S0443,S0447,9.366699322912726,0.048791816778255365,0.0,25.359999999999957,False,
DEBW522AA0000ea62,S0443,S0448,182.21229147008927,0.9491570545460856,0.0,25.359999999999957,False,
