building_id,surface_uid,physical_facet_uid,component_size
DEBW522AA0000c243,S0001,DEBW522AA0000c243_PF001,1
DEBW522AA0000c243,S0002,DEBW522AA0000c243_PF002,2
DEBW522AA0000c243,S0003,DEBW522AA0000c243_PF002,2
DEBW522AA0000c243,S0004,DEBW522AA0000c243_PF003,1
DEBW522AA0000c243,S0005,DEBW522AA0000c243_PF004,1
DEBW522AA0000c243,S0006,DEBW522AA0000c243_PF005,1
DEBW522AA0000c243,S0007,DEBW522AA0000c243_PF006,1
DEBW522AA0002496d,S0008,DEBW522AA0002496d_PF001,1
DEBW522AA0002496d,S0009,DEBW522AA0002496d_PF002,1
DEBW522AA0002496d,S0010,DEBW522AA0002496d_PF003,1
DEBW522AA00040850,S0011,DEBW522AA00040850_PF001,2
DEBW522AA00040850,S0013,DEBW522AA00040850_PF001,2
DEBW522AA00040850,S0012,DEBW522AA00040850_PF002,1
DEBW522AA00040850,S0014,DEBW522AA00040850_PF003,1
DEBW522AA00040850,S0015,DEBW522AA00040850_PF004,1
DEBW522AA00040850,S0016,DEBW522AA00040850_PF005,1
DEBW522AA00040850,S0017,DEBW522AA00040850_PF006,2
DEBW522AA00040850,S0018,DEBW522AA00040850_PF006,2
DEBW522AA00034018,S0019,DEBW522AA00034018_PF001,1
DEBW522AA00034018,S0020,DEBW522AA00034018_PF002,1
DEBW522AA00034018,S0021,DEBW522AA00034018_PF003,1
DEBW522AA0002574d,S0022,DEBW522AA0002574d_PF001,1
DEBW522AA0002574d,S0023,DEBW522AA0002574d_PF002,2
DEBW522AA0002574d,S0024,DEBW522AA0002574d_PF002,2
DEBW522AA0002574d,S0025,DEBW522AA0002574d_PF003,1
DEBW522AA0002574d,S0026,DEBW522AA0002574d_PF004,2
DEBW522AA0002574d,S0027,DEBW522AA0002574d_PF004,2
DEBW522AA0002574d,S0028,DEBW522AA0002574d_PF005,1
DEBW522AA0002574d,S0029,DEBW522AA0002574d_PF006,2
DEBW522AA0002574d,S0030,DEBW522AA0002574d_PF006,2
DEBW522AA0002574d,S0031,DEBW522AA0002574d_PF007,1
DEBW522AA0002574d,S0032,DEBW522AA0002574d_PF008,2
DEBW522AA0002574d,S0033,DEBW522AA0002574d_PF008,2
DEBW522AA0002574d,S0034,DEBW522AA0002574d_PF009,2
DEBW522AA0002574d,S0035,DEBW522AA0002574d_PF009,2
DEBW522AA0002574d,S0036,DEBW522AA0002574d_PF010,2
DEBW522AA0002574d,S0040,DEBW522AA0002574d_PF010,2
DEBW522AA0002574d,S0037,DEBW522AA0002574d_PF011,2
DEBW522AA0002574d,S0045,DEBW522AA0002574d_PF011,2
DEBW522AA0002574d,S0038,DEBW522AA0002574d_PF012,2
DEBW522AA0002574d,S0039,DEBW522AA0002574d_PF012,2
DEBW522AA0002574d,S0041,DEBW522AA0002574d_PF013,2
DEBW522AA0002574d,S0042,DEBW522AA0002574d_PF013,2
DEBW522AA0002574d,S0043,DEBW522AA0002574d_PF014,2
DEBW522AA0002574d,S0044,DEBW522AA0002574d_PF014,2
DEBW522AA0002574d,S0046,DEBW522AA0002574d_PF015,2
DEBW522AA0002574d,S0047,DEBW522AA0002574d_PF015,2
DEBW522AA0002574d,S0048,DEBW522AA0002574d_PF016,2
DEBW522AA0002574d,S0049,DEBW522AA0002574d_PF016,2
DEBW522AA0002574d,S0050,DEBW522AA0002574d_PF017,2
DEBW522AA0002574d,S0051,DEBW522AA0002574d_PF017,2
DEBW522AA0002574d,S0052,DEBW522AA0002574d_PF018,2
DEBW522AA0002574d,S0053,DEBW522AA0002574d_PF018,2
DEBW522AA0002574d,S0054,DEBW522AA0002574d_PF019,1
DEBW522AA0002574d,S0055,DEBW522AA0002574d_PF020,1
DEBW522AA0002574d,S0056,DEBW522AA0002574d_PF021,1
DEBW522AA0002574d,S0057,DEBW522AA0002574d_PF022,1
DEBW522AA0002574d,S0058,DEBW522AA0002574d_PF023,2
DEBW522AA0002574d,S0059,DEBW522AA0002574d_PF023,2
DEBW522AA0002574d,S0060,DEBW522AA0002574d_PF024,2
DEBW522AA0002574d,S0061,DEBW522AA0002574d_PF024,2
DEBW522AA0002574d,S0062,DEBW522AA0002574d_PF025,1
DEBW522AA0002574d,S0063,DEBW522AA0002574d_PF026,2
DEBW522AA0002574d,S0064,DEBW522AA0002574d_PF026,2
DEBW522AA0002574d,S0065,DEBW522AA0002574d_PF027,1
DEBW522AA0002574d,S0066,DEBW522AA0002574d_PF028,2
DEBW522AA0002574d,S0067,DEBW522AA0002574d_PF028,2
DEBW522AA0002574d,S0068,DEBW522AA0002574d_PF029,2
DEBW522AA0002574d,S0069,DEBW522AA0002574d_PF029,2
DEBW522AA0002574d,S0070,DEBW522AA0002574d_PF030,1
DEBW522AA0002574d,S0071,DEBW522AA0002574d_PF031,2
DEBW522AA0002574d,S0072,DEBW522AA0002574d_PF031,2
DEBW522AA0002574d,S0073,DEBW522AA0002574d_PF032,2
DEBW522AA0002574d,S0074,DEBW522AA0002574d_PF032,2
DEBW522AA0002574d,S0075,DEBW522AA0002574d_PF033,1
DEBW522AA0002574d,S0076,DEBW522AA0002574d_PF034,1
DEBW522AA0002574d,S0077,DEBW522AA0002574d_PF035,2
DEBW522AA0002574d,S0078,DEBW522AA0002574d_PF035,2
DEBW522AA0002574d,S0079,DEBW522AA0002574d_PF036,2
DEBW522AA0002574d,S0080,DEBW522AA0002574d_PF036,2
DEBW522AA0002574d,S0081,DEBW522AA0002574d_PF037,1
DEBW522AA0002574d,S0082,DEBW522AA0002574d_PF038,2
DEBW522AA0002574d,S0083,DEBW522AA0002574d_PF038,2
DEBW522AA0002574d,S0084,DEBW522AA0002574d_PF039,2
DEBW522AA0002574d,S0085,DEBW522AA0002574d_PF039,2
DEBW522AA0002574d,S0086,DEBW522AA0002574d_PF040,2
DEBW522AA0002574d,S0087,DEBW522AA0002574d_PF040,2
DEBW522AA0002574d,S0088,DEBW522AA0002574d_PF041,2
DEBW522AA0002574d,S0089,DEBW522AA0002574d_PF041,2
DEBW522AA0002574d,S0090,DEBW522AA0002574d_PF042,1
DEBW522AA0002574d,S0091,DEBW522AA0002574d_PF043,2
DEBW522AA0002574d,S0092,DEBW522AA0002574d_PF043,2
DEBW522AA0002574d,S0093,DEBW522AA0002574d_PF044,2
DEBW522AA0002574d,S0094,DEBW522AA0002574d_PF044,2
DEBW522AA0002574d,S0095,DEBW522AA0002574d_PF045,2
DEBW522AA0002574d,S0096,DEBW522AA0002574d_PF045,2
DEBW522AA0002574d,S0097,DEBW522AA0002574d_PF046,2
DEBW522AA0002574d,S0098,DEBW522AA0002574d_PF046,2
DEBW522AA0002574d,S0099,DEBW522AA0002574d_PF047,2
DEBW522AA0002574d,S0100,DEBW522AA0002574d_PF047,2
DEBW522AA0002574d,S0101,DEBW522AA0002574d_PF048,2
DEBW522AA0002574d,S0102,DEBW522AA0002574d_PF048,2
DEBW522AA0002574d,S0103,DEBW522AA0002574d_PF049,1
DEBW522AA0002574d,S0104,DEBW522AA0002574d_PF050,1
DEBW522AA0002574d,S0105,DEBW522AA0002574d_PF051,1
DEBW522AA0002574d,S0106,DEBW522AA0002574d_PF052,1
DEBW522AA0002574d,S0107,DEBW522AA0002574d_PF053,1
DEBW522AA0002574d,S0108,DEBW522AA0002574d_PF054,1
DEBW522AA0002574d,S0110,DEBW522AA0002574d_PF055,2
DEBW522AA0002574d,S0111,DEBW522AA0002574d_PF055,2
DEBW522AA0002574d,S0112,DEBW522AA0002574d_PF056,1
DEBW522AA0002574d,S0113,DEBW522AA0002574d_PF057,2
DEBW522AA0002574d,S0114,DEBW522AA0002574d_PF057,2
DEBW522AA0002574d,S0115,DEBW522AA0002574d_PF058,1
DEBW522AA0002574d,S0116,DEBW522AA0002574d_PF059,1
DEBW522AA0002574d,S0117,DEBW522AA0002574d_PF060,1
DEBW522AA0002574d,S0118,DEBW522AA0002574d_PF061,1
DEBW522AA0002574d,S0119,DEBW522AA0002574d_PF062,1
DEBW522AA0002574d,S0120,DEBW522AA0002574d_PF063,2
DEBW522AA0002574d,S0121,DEBW522AA0002574d_PF063,2
DEBW522AA0002574d,S0122,DEBW522AA0002574d_PF064,4
DEBW522AA0002574d,S0123,DEBW522AA0002574d_PF064,4
DEBW522AA0002574d,S0138,DEBW522AA0002574d_PF064,4
DEBW522AA0002574d,S0139,DEBW522AA0002574d_PF064,4
DEBW522AA0002574d,S0124,DEBW522AA0002574d_PF065,2
DEBW522AA0002574d,S0144,DEBW522AA0002574d_PF065,2
DEBW522AA0002574d,S0125,DEBW522AA0002574d_PF066,1
DEBW522AA0002574d,S0126,DEBW522AA0002574d_PF067,1
DEBW522AA0002574d,S0127,DEBW522AA0002574d_PF068,1
DEBW522AA0002574d,S0128,DEBW522AA0002574d_PF069,2
DEBW522AA0002574d,S0129,DEBW522AA0002574d_PF069,2
DEBW522AA0002574d,S0130,DEBW522AA0002574d_PF070,2
DEBW522AA0002574d,S0131,DEBW522AA0002574d_PF070,2
DEBW522AA0002574d,S0132,DEBW522AA0002574d_PF071,2
DEBW522AA0002574d,S0133,DEBW522AA0002574d_PF071,2
DEBW522AA0002574d,S0134,DEBW522AA0002574d_PF072,1
DEBW522AA0002574d,S0135,DEBW522AA0002574d_PF073,1
DEBW522AA0002574d,S0136,DEBW522AA0002574d_PF074,1
DEBW522AA0002574d,S0137,DEBW522AA0002574d_PF075,1
DEBW522AA0002574d,S0141,DEBW522AA0002574d_PF076,1
DEBW522AA0002574d,S0142,DEBW522AA0002574d_PF077,1
DEBW522AA0002574d,S0143,DEBW522AA0002574d_PF078,1
DEBW522AA0002574d,S0145,DEBW522AA0002574d_PF079,4
DEBW522AA0002574d,S0146,DEBW522AA0002574d_PF079,4
DEBW522AA0002574d,S0147,DEBW522AA0002574d_PF079,4
DEBW522AA0002574d,S0148,DEBW522AA0002574d_PF079,4
DEBW522AA0000e41a,S0153,DEBW522AA0000e41a_PF001,1
DEBW522AA0000e41a,S0154,DEBW522AA0000e41a_PF002,1
DEBW522AA0000e41a,S0155,DEBW522AA0000e41a_PF003,1
DEBW522AA0000e41a,S0156,DEBW522AA0000e41a_PF004,2
DEBW522AA0000e41a,S0157,DEBW522AA0000e41a_PF004,2
DEBW522AA0000e41a,S0158,DEBW522AA0000e41a_PF005,1
DEBW522AA0000e41a,S0159,DEBW522AA0000e41a_PF006,1
DEBW522AA0000e41a,S0160,DEBW522AA0000e41a_PF007,1
DEBW522AA0000e41a,S0161,DEBW522AA0000e41a_PF008,1
DEBW522AA0000e41a,S0162,DEBW522AA0000e41a_PF009,1
DEBW522AA0003f70d,S0163,DEBW522AA0003f70d_PF001,1
DEBW522AA0003f70d,S0164,DEBW522AA0003f70d_PF002,1
DEBW522AA0003f70d,S0165,DEBW522AA0003f70d_PF003,1
DEBW522AA00007bc6,S0166,DEBW522AA00007bc6_PF001,1
DEBW522AA00007bc6,S0167,DEBW522AA00007bc6_PF002,1
DEBW522AA00007bc6,S0168,DEBW522AA00007bc6_PF003,1
DEBW522AA00007bc6,S0169,DEBW522AA00007bc6_PF004,1
DEBW522AA0003e900,S0170,DEBW522AA0003e900_PF001,2
DEBW522AA0003e900,S0171,DEBW522AA0003e900_PF001,2
DEBW522AA00027856,S0172,DEBW522AA00027856_PF001,1
DEBW522AA00043ffc,S0173,DEBW522AA00043ffc_PF001,1
DEBW522AA00043ffc,S0174,DEBW522AA00043ffc_PF002,1
DEBW522AA00043ffc,S0175,DEBW522AA00043ffc_PF003,1
DEBW522AA00043ffc,S0176,DEBW522AA00043ffc_PF004,1
DEBW522AA00043ffc,S0177,DEBW522AA00043ffc_PF005,1
DEBW522AA00043ffc,S0178,DEBW522AA00043ffc_PF006,1
DEBW522AA00043ffc,S0179,DEBW522AA00043ffc_PF007,1
DEBW522AA00043ffc,S0180,DEBW522AA00043ffc_PF008,1
DEBW522AA00043ffc,S0181,DEBW522AA00043ffc_PF009,1
DEBW522AA00043ffc,S0182,DEBW522AA00043ffc_PF010,1
DEBW522AA00043ffc,S0183,DEBW522AA00043ffc_PF011,1
DEBW522AA00043ffc,S0185,DEBW522AA00043ffc_PF012,1
DEBW522AA00043ffc,S0186,DEBW522AA00043ffc_PF013,1
DEBW522AA00043ffc,S0187,DEBW522AA00043ffc_PF014,1
DEBW522AA00043ffc,S0188,DEBW522AA00043ffc_PF015,1
DEBW522AA00043ffc,S0189,DEBW522AA00043ffc_PF016,1
DEBW522AA00043ffc,S0190,DEBW522AA00043ffc_PF017,1
DEBW522AA00043ffc,S0191,DEBW522AA00043ffc_PF018,2
DEBW522AA00043ffc,S0213,DEBW522AA00043ffc_PF018,2
DEBW522AA00043ffc,S0192,DEBW522AA00043ffc_PF019,1
DEBW522AA00043ffc,S0193,DEBW522AA00043ffc_PF020,1
DEBW522AA00043ffc,S0194,DEBW522AA00043ffc_PF021,1
DEBW522AA00043ffc,S0195,DEBW522AA00043ffc_PF022,1
DEBW522AA00043ffc,S0196,DEBW522AA00043ffc_PF023,1
DEBW522AA00043ffc,S0197,DEBW522AA00043ffc_PF024,1
DEBW522AA00043ffc,S0198,DEBW522AA00043ffc_PF025,1
DEBW522AA00043ffc,S0200,DEBW522AA00043ffc_PF026,1
DEBW522AA00043ffc,S0201,DEBW522AA00043ffc_PF027,1
DEBW522AA00043ffc,S0202,DEBW522AA00043ffc_PF028,1
DEBW522AA00043ffc,S0203,DEBW522AA00043ffc_PF029,1
DEBW522AA00043ffc,S0204,DEBW522AA00043ffc_PF030,1
DEBW522AA00043ffc,S0206,DEBW522AA00043ffc_PF031,1
DEBW522AA00043ffc,S0207,DEBW522AA00043ffc_PF032,1
DEBW522AA00043ffc,S0208,DEBW522AA00043ffc_PF033,1
DEBW522AA00043ffc,S0209,DEBW522AA00043ffc_PF034,1
DEBW522AA00043ffc,S0210,DEBW522AA00043ffc_PF035,1
DEBW522AA00043ffc,S0211,DEBW522AA00043ffc_PF036,1
DEBW522AA00043ffc,S0212,DEBW522AA00043ffc_PF037,1
DEBW522AA00043ffc,S0214,DEBW522AA00043ffc_PF038,2
DEBW522AA00043ffc,S0216,DEBW522AA00043ffc_PF038,2
DEBW522AA00043ffc,S0215,DEBW522AA00043ffc_PF039,2
DEBW522AA00043ffc,S0217,DEBW522AA00043ffc_PF039,2
DEBW522AA00043ffc,S0218,DEBW522AA00043ffc_PF040,4
DEBW522AA00043ffc,S0235,DEBW522AA00043ffc_PF040,4
DEBW522AA00043ffc,S0237,DEBW522AA00043ffc_PF040,4
DEBW522AA00043ffc,S0247,DEBW522AA00043ffc_PF040,4
DEBW522AA00043ffc,S0219,DEBW522AA00043ffc_PF041,2
DEBW522AA00043ffc,S0236,DEBW522AA00043ffc_PF041,2
DEBW522AA00043ffc,S0220,DEBW522AA00043ffc_PF042,1
DEBW522AA00043ffc,S0221,DEBW522AA00043ffc_PF043,1
DEBW522AA00043ffc,S0222,DEBW522AA00043ffc_PF044,1
DEBW522AA00043ffc,S0223,DEBW522AA00043ffc_PF045,1
DEBW522AA00043ffc,S0224,DEBW522AA00043ffc_PF046,1
DEBW522AA00043ffc,S0225,DEBW522AA00043ffc_PF047,2
DEBW522AA00043ffc,S0232,DEBW522AA00043ffc_PF047,2
DEBW522AA00043ffc,S0226,DEBW522AA00043ffc_PF048,1
DEBW522AA00043ffc,S0227,DEBW522AA00043ffc_PF049,2
DEBW522AA00043ffc,S0253,DEBW522AA00043ffc_PF049,2
DEBW522AA00043ffc,S0228,DEBW522AA00043ffc_PF050,1
DEBW522AA00043ffc,S0229,DEBW522AA00043ffc_PF051,1
DEBW522AA00043ffc,S0230,DEBW522AA00043ffc_PF052,1
DEBW522AA00043ffc,S0231,DEBW522AA00043ffc_PF053,1
DEBW522AA00043ffc,S0233,DEBW522AA00043ffc_PF054,1
DEBW522AA00043ffc,S0234,DEBW522AA00043ffc_PF055,1
DEBW522AA00043ffc,S0238,DEBW522AA00043ffc_PF056,1
DEBW522AA00043ffc,S0239,DEBW522AA00043ffc_PF057,1
DEBW522AA00043ffc,S0240,DEBW522AA00043ffc_PF058,1
DEBW522AA00043ffc,S0241,DEBW522AA00043ffc_PF059,1
DEBW522AA00043ffc,S0242,DEBW522AA00043ffc_PF060,1
DEBW522AA00043ffc,S0243,DEBW522AA00043ffc_PF061,1
DEBW522AA00043ffc,S0244,DEBW522AA00043ffc_PF062,1
DEBW522AA00043ffc,S0245,DEBW522AA00043ffc_PF063,1
DEBW522AA00043ffc,S0246,DEBW522AA00043ffc_PF064,1
DEBW522AA00043ffc,S0248,DEBW522AA00043ffc_PF065,1
DEBW522AA00043ffc,S0249,DEBW522AA00043ffc_PF066,1
DEBW522AA00043ffc,S0250,DEBW522AA00043ffc_PF067,1
DEBW522AA00043ffc,S0251,DEBW522AA00043ffc_PF068,1
DEBW522AA00043ffc,S0252,DEBW522AA00043ffc_PF069,1
DEBW522AA00043ffc,S0254,DEBW522AA00043ffc_PF070,1
DEBW522AA00043ffc,S0255,DEBW522AA00043ffc_PF071,1
DEBW522AA00043ffc,S0256,DEBW522AA00043ffc_PF072,1
DEBW522AA00043ffc,S0257,DEBW522AA00043ffc_PF073,1
DEBW522AA00043ffc,S0258,DEBW522AA00043ffc_PF074,1
DEBW522AA00007f7e,S0259,DEBW522AA00007f7e_PF001,1
DEBW522AA00007f7e,S0260,DEBW522AA00007f7e_PF002,1
DEBW522AA00007f7e,S0261,DEBW522AA00007f7e_PF003,1
DEBW522AA00007f7e,S0262,DEBW522AA00007f7e_PF004,1
DEBW522AA000330e9,S0263,DEBW522AA000330e9_PF001,1
DEBW522AA000330e9,S0271,DEBW522AA000330e9_PF002,1
DEBW522AA000330e9,S0272,DEBW522AA000330e9_PF003,1
DEBW522AA000330e9,S0273,DEBW522AA000330e9_PF004,1
DEBW522AA000330e9,S0274,DEBW522AA000330e9_PF005,1
DEBW522AA000330e9,S0275,DEBW522AA000330e9_PF006,1
DEBW522AA000330e9,S0276,DEBW522AA000330e9_PF007,1
DEBW522AA000330e9,S0277,DEBW522AA000330e9_PF008,1
DEBW522AA000330e9,S0278,DEBW522AA000330e9_PF009,1
DEBW522AA000330e9,S0279,DEBW522AA000330e9_PF010,1
DEBW522AA00008bfa,S0280,DEBW522AA00008bfa_PF001,1
DEBW522AA00008bfa,S0281,DEBW522AA00008bfa_PF002,1
DEBW522AA00008bfa,S0282,DEBW522AA00008bfa_PF003,1
DEBW522AA00008bfa,S0283,DEBW522AA00008bfa_PF004,1
DEBW522AA00008bfa,S0284,DEBW522AA00008bfa_PF005,1
DEBW522AA00008bfa,S0285,DEBW522AA00008bfa_PF006,1
DEBW522AA00008bfa,S0286,DEBW522AA00008bfa_PF007,1
DEBW522AA00008bfa,S0287,DEBW522AA00008bfa_PF008,1
DEBW522AA00008bfa,S0288,DEBW522AA00008bfa_PF009,1
DEBW522AA00008bfa,S0289,DEBW522AA00008bfa_PF010,1
DEBW522AA00008bfa,S0290,DEBW522AA00008bfa_PF011,1
DEBW522AA00008bfa,S0291,DEBW522AA00008bfa_PF012,1
DEBW522AA00008bfa,S0292,DEBW522AA00008bfa_PF013,1
DEBW522AA00008bfa,S0293,DEBW522AA00008bfa_PF014,1
DEBW522AA00008bfa,S0294,DEBW522AA00008bfa_PF015,1
DEBW522AA00010752,S0295,DEBW522AA00010752_PF001,1
DEBW522AA00010752,S0296,DEBW522AA00010752_PF002,1
DEBW522AA00010752,S0297,DEBW522AA00010752_PF003,1
DEBW522AA00010752,S0298,DEBW522AA00010752_PF004,1
DEBW522AA00010752,S0299,DEBW522AA00010752_PF005,1
DEBW522AA00010752,S0300,DEBW522AA00010752_PF006,1
DEBW522AA0004292e,S0301,DEBW522AA0004292e_PF001,2
DEBW522AA0004292e,S0302,DEBW522AA0004292e_PF001,2
DEBW522AA0004292e,S0303,DEBW522AA0004292e_PF002,4
DEBW522AA0004292e,S0304,DEBW522AA0004292e_PF002,4
DEBW522AA0004292e,S0305,DEBW522AA0004292e_PF002,4
DEBW522AA0004292e,S0306,DEBW522AA0004292e_PF002,4
DEBW522AA0004292e,S0307,DEBW522AA0004292e_PF003,1
DEBW522AA0004292e,S0308,DEBW522AA0004292e_PF004,1
DEBW522AA0004292e,S0309,DEBW522AA0004292e_PF005,1
DEBW522AA0004292e,S0310,DEBW522AA0004292e_PF006,1
DEBW522AA0004292e,S0311,DEBW522AA0004292e_PF007,1
DEBW522AA0000cfb4,S0312,DEBW522AA0000cfb4_PF001,1
DEBW522AA0000cfb4,S0313,DEBW522AA0000cfb4_PF002,1
DEBW522AA0000cfb4,S0314,DEBW522AA0000cfb4_PF003,1
DEBW522AA0000cfb4,S0315,DEBW522AA0000cfb4_PF004,1
DEBW522AA00014ad3,S0316,DEBW522AA00014ad3_PF001,1
DEBW522AA00014ad3,S0317,DEBW522AA00014ad3_PF002,1
DEBW522AA00014ad3,S0318,DEBW522AA00014ad3_PF003,1
DEBW522AA00014ad3,S0319,DEBW522AA00014ad3_PF004,1
DEBW522AA00014ad3,S0320,DEBW522AA00014ad3_PF005,1
DEBW522AA00014ad3,S0321,DEBW522AA00014ad3_PF006,1
DEBW522AA00014ad3,S0322,DEBW522AA00014ad3_PF007,1
DEBW522AA00014ad3,S0323,DEBW522AA00014ad3_PF008,1
DEBW522AA00014ad3,S0324,DEBW522AA00014ad3_PF009,1
DEBW522AA00014ad3,S0325,DEBW522AA00014ad3_PF010,1
DEBW522AA00014ad3,S0326,DEBW522AA00014ad3_PF011,1
DEBW522AA00014ad3,S0327,DEBW522AA00014ad3_PF012,1
DEBW522AA00014ad3,S0328,DEBW522AA00014ad3_PF013,1
DEBW522AA00014ad3,S0329,DEBW522AA00014ad3_PF014,1
DEBW522AA00014ad3,S0330,DEBW522AA00014ad3_PF015,1
DEBW522AA00014ad3,S0331,DEBW522AA00014ad3_PF016,1
DEBW522AA00014ad3,S0332,DEBW522AA00014ad3_PF017,1
DEBW522AA00016048,S0333,DEBW522AA00016048_PF001,1
DEBW522AA00016048,S0334,DEBW522AA00016048_PF002,1
DEBW522AA00016048,S0335,DEBW522AA00016048_PF003,1
DEBW522AA00016048,S0336,DEBW522AA00016048_PF004,1
DEBW522AA00016048,S0337,DEBW522AA00016048_PF005,1
DEBW522AA00016048,S0338,DEBW522AA00016048_PF006,1
DEBW522AA00016048,S0339,DEBW522AA00016048_PF007,1
DEBW522AA00016048,S0340,DEBW522AA00016048_PF008,1
DEBW522AA00016048,S0341,DEBW522AA00016048_PF009,1
DEBW522AA0000dc32,S0342,DEBW522AA0000dc32_PF001,1
DEBW522AA0000dc32,S0343,DEBW522AA0000dc32_PF002,1
DEBW522AA0000dc32,S0344,DEBW522AA0000dc32_PF003,1
DEBW522AA0000dc32,S0345,DEBW522AA0000dc32_PF004,1
DEBW522AA0000dc32,S0346,DEBW522AA0000dc32_PF005,1
DEBW522AA0000dc32,S0347,DEBW522AA0000dc32_PF006,1
DEBW522AA00001e49,S0348,DEBW522AA00001e49_PF001,1
DEBW522AA0003e07e,S0349,DEBW522AA0003e07e_PF001,1
DEBW522AA0000006d,S0350,DEBW522AA0000006d_PF001,1
DEBW522AA0000006d,S0352,DEBW522AA0000006d_PF002,2
DEBW522AA0000006d,S0376,DEBW522AA0000006d_PF002,2
DEBW522AA0000006d,S0354,DEBW522AA0000006d_PF003,1
DEBW522AA0000006d,S0355,DEBW522AA0000006d_PF004,2
DEBW522AA0000006d,S0356,DEBW522AA0000006d_PF004,2
DEBW522AA0000006d,S0357,DEBW522AA0000006d_PF005,1
DEBW522AA0000006d,S0358,DEBW522AA0000006d_PF006,3
DEBW522AA0000006d,S0360,DEBW522AA0000006d_PF006,3
DEBW522AA0000006d,S0377,DEBW522AA0000006d_PF006,3
DEBW522AA0000006d,S0359,DEBW522AA0000006d_PF007,1
DEBW522AA0000006d,S0361,DEBW522AA0000006d_PF008,1
DEBW522AA0000006d,S0362,DEBW522AA0000006d_PF009,1
DEBW522AA0000006d,S0363,DEBW522AA0000006d_PF010,1
DEBW522AA0000006d,S0364,DEBW522AA0000006d_PF011,1
DEBW522AA0000006d,S0365,DEBW522AA0000006d_PF012,1
DEBW522AA0000006d,S0366,DEBW522AA0000006d_PF013,1
DEBW522AA0000006d,S0367,DEBW522AA0000006d_PF014,1
DEBW522AA0000006d,S0368,DEBW522AA0000006d_PF015,1
DEBW522AA0000006d,S0369,DEBW522AA0000006d_PF016,1
DEBW522AA0000006d,S0370,DEBW522AA0000006d_PF017,1
DEBW522AA0000006d,S0371,DEBW522AA0000006d_PF018,2
DEBW522AA0000006d,S0372,DEBW522AA0000006d_PF018,2
DEBW522AA0000006d,S0373,DEBW522AA0000006d_PF019,2
DEBW522AA0000006d,S0374,DEBW522AA0000006d_PF019,2
DEBW522AA0000006d,S0375,DEBW522AA0000006d_PF020,1
DEBW522AA0000006d,S0379,DEBW522AA0000006d_PF021,2
DEBW522AA0000006d,S0380,DEBW522AA0000006d_PF021,2
DEBW522AA0000006d,S0381,DEBW522AA0000006d_PF022,2
DEBW522AA0000006d,S0382,DEBW522AA0000006d_PF022,2
DEBW522AA0000006d,S0383,DEBW522AA0000006d_PF023,1
DEBW522AA0000006d,S0384,DEBW522AA0000006d_PF024,2
DEBW522AA0000006d,S0385,DEBW522AA0000006d_PF024,2
DEBW522AA0000006d,S0386,DEBW522AA0000006d_PF025,1
DEBW522AA0000006d,S0387,DEBW522AA0000006d_PF026,1
DEBW522AA0000006d,S0388,DEBW522AA0000006d_PF027,2
DEBW522AA0000006d,S0389,DEBW522AA0000006d_PF027,2
DEBW522AA0000006d,S0390,DEBW522AA0000006d_PF028,2
DEBW522AA0000006d,S0391,DEBW522AA0000006d_PF028,2
DEBW522AA0000006d,S0392,DEBW522AA0000006d_PF029,1
DEBW522AA00023026,S0393,DEBW522AA00023026_PF001,1
DEBW522AA000241ff,S0394,DEBW522AA000241ff_PF001,1
DEBW522AA000241ff,S0395,DEBW522AA000241ff_PF002,1
DEBW522AA000241ff,S0396,DEBW522AA000241ff_PF003,1
DEBW522AA000241ff,S0397,DEBW522AA000241ff_PF004,1
DEBW522AA000241ff,S0398,DEBW522AA000241ff_PF005,2
DEBW522AA000241ff,S0399,DEBW522AA000241ff_PF005,2
DEBW522AA00043753,S0400,DEBW522AA00043753_PF001,1
DEBW522AA00043753,S0401,DEBW522AA00043753_PF002,1
DEBW522AA00043753,S0402,DEBW522AA00043753_PF003,1
DEBW522AA00043753,S0403,DEBW522AA00043753_PF004,1
DEBW522AA00043753,S0404,DEBW522AA00043753_PF005,3
DEBW522AA00043753,S0413,DEBW522AA00043753_PF005,3
DEBW522AA00043753,S0418,DEBW522AA00043753_PF005,3
DEBW522AA00043753,S0405,DEBW522AA00043753_PF006,1
DEBW522AA00043753,S0406,DEBW522AA00043753_PF007,1
DEBW522AA00043753,S0407,DEBW522AA00043753_PF008,1
DEBW522AA00043753,S0408,DEBW522AA00043753_PF009,1
DEBW522AA00043753,S0409,DEBW522AA00043753_PF010,1
DEBW522AA00043753,S0410,DEBW522AA00043753_PF011,1
DEBW522AA00043753,S0411,DEBW522AA00043753_PF012,1
DEBW522AA00043753,S0412,DEBW522AA00043753_PF013,1
DEBW522AA00043753,S0414,DEBW522AA00043753_PF014,1
DEBW522AA00043753,S0415,DEBW522AA00043753_PF015,1
DEBW522AA00043753,S0416,DEBW522AA00043753_PF016,1
DEBW522AA00043753,S0417,DEBW522AA00043753_PF017,1
DEBW522AA00043753,S0419,DEBW522AA00043753_PF018,1
DEBW522AA00043753,S0420,DEBW522AA00043753_PF019,1
DEBW522AA00027308,S0421,DEBW522AA00027308_PF001,5
DEBW522AA00027308,S0422,DEBW522AA00027308_PF001,5
DEBW522AA00027308,S0424,DEBW522AA00027308_PF001,5
DEBW522AA00027308,S0427,DEBW522AA00027308_PF001,5
DEBW522AA00027308,S0428,DEBW522AA00027308_PF001,5
DEBW522AA00027308,S0423,DEBW522AA00027308_PF002,6
DEBW522AA00027308,S0425,DEBW522AA00027308_PF002,6
DEBW522AA00027308,S0426,DEBW522AA00027308_PF002,6
DEBW522AA00027308,S0432,DEBW522AA00027308_PF002,6
DEBW522AA00027308,S0433,DEBW522AA00027308_PF002,6
DEBW522AA00027308,S0434,DEBW522AA00027308_PF002,6
DEBW522AA00027308,S0429,DEBW522AA00027308_PF003,1
DEBW522AA00027308,S0430,DEBW522AA00027308_PF004,1
DEBW522AA00027308,S0431,DEBW522AA00027308_PF005,1
DEBW522AA00015486,S0435,DEBW522AA00015486_PF001,1
DEBW522AA00015486,S0436,DEBW522AA00015486_PF002,1
DEBW522AA00015486,S0437,DEBW522AA00015486_PF003,1
DEBW522AA0000ea62,S0438,DEBW522AA0000ea62_PF001,4
DEBW522AA0000ea62,S0439,DEBW522AA0000ea62_PF001,4
DEBW522AA0000ea62,S0440,DEBW522AA0000ea62_PF001,4
DEBW522AA0000ea62,S0441,DEBW522AA0000ea62_PF001,4
DEBW522AA0000ea62,S0442,DEBW522AA0000ea62_PF002,1
DEBW522AA0000ea62,S0443,DEBW522AA0000ea62_PF003,1
DEBW522AA0000ea62,S0444,DEBW522AA0000ea62_PF004,1
DEBW522AA0000ea62,S0445,DEBW522AA0000ea62_PF005,1
DEBW522AA0000ea62,S0446,DEBW522AA0000ea62_PF006,1
DEBW522AA0000ea62,S0447,DEBW522AA0000ea62_PF007,2
DEBW522AA0000ea62,S0448,DEBW522AA0000ea62_PF007,2
DEBW522AA00042048,S0449,DEBW522AA00042048_PF001,1
DEBW522AA00003661,S0450,DEBW522AA00003661_PF001,1
